date,timestamp,TotalCashValue,NetDividend,NetLiquidation,UnrealizedPnL,RealizedPnL,GrossPositionValue,AvailableFunds,ExcessLiquidity,BuyingPower,Leverage,EquityWithLoanValue,QQQ position,QQQ marketPrice,QQQ averageCost,QQQ marketValue,QQQ realizedPNL,QQQ unrealizedPNL,QQQ initMarginReq,QQQ maintMarginReq,QQQ costBasis,SPY position,SPY marketPrice,SPY averageCost,SPY marketValue,SPY realizedPNL,SPY unrealizedPNL,SPY initMarginReq,SPY maintMarginReq,SPY costBasis
2022-01-26 16:48:55.914362,1643186935.914362,3877910.45,0.00,7471587.22,-216965.44,0.00,3593676.77,7024745.04,7065367.06,46831633.59,0.48,7471587.22,1338.0,344.67001345,365.49775035,461168.48,0.0,-27867.51,,,,1.0,433.69900515,435.06,433.7,0.0,-1.36,,,
2022-01-26 16:50:50.077336,1643187050.077336,3878072.44,0.00,7471899.32,-216974.51,0.00,3593826.88,7025038.48,7065662.19,46833589.83,0.48,7471899.32,1338.0,344.67001345,365.49775035,461168.48,0.0,-27867.51,,,,1.0,433.69900515,435.06,433.7,0.0,-1.36,,,
2022-01-26 16:51:27.517891,1643187087.517891,3878072.44,0.00,7471899.32,-216974.51,0.00,3593826.88,7025038.48,7065662.19,46833589.83,0.48,7471899.32,1338.0,344.67001345,365.49775035,461168.48,0.0,-27867.51,,,,1.0,433.69900515,435.06,433.7,0.0,-1.36,,,
2022-01-26 17:06:22.903937,1643187982.903937,3878358.88,0.00,7524787.12,-164654.63,0.00,3646428.24,7077893.27,7118519.98,47185955.13,0.48,7524787.12,1338.0,349.69000245,365.49775035,467885.22,0.0,-21150.77,,,,1.0,438.6414795,435.06,438.64,0.0,3.58,,,
2022-01-26 17:07:10.663760,1643188030.66376,3872192.24,0.00,7524433.61,-164983.18,0.00,3652241.38,7076849.14,7117538.64,47178994.29,0.49,7524433.61,1339.0,349.66000365,365.48669905,468194.74,0.0,-21191.95,,,,2.0,438.62228395,437.375,877.24,0.0,2.49,,,
2022-01-26 17:07:48.507867,1643188068.507867,3878315.12,0.00,7525461.27,-163827.24,-128.28,3647146.15,7078568.87,7119195.45,47190459.10,0.48,7525461.27,1338.0,349.76000975,365.48669905,467978.89,-16.76,-21042.31,,,,1.0,438.6960449,437.375,438.7,0.28,1.32,,,
2022-01-26 17:22:00.278194,1643188920.278194,3878227.95,0.00,7534568.23,-154547.46,-128.28,3656340.28,7087685.87,7128311.54,47251239.14,0.49,7534568.23,1338.0,350.6499939,365.48669905,469169.69,-16.76,-19851.51,,,,1.0,439.29104615,437.375,439.29,0.28,1.92,,,
2022-01-26 17:54:20.498580,1643190860.49858,3878763.55,0.00,7543636.55,-146541.04,-128.30,3664873.00,7096692.48,7137323.76,47311283.18,0.49,7543636.55,1338.0,351.42001345,365.48669905,470199.98,-16.76,-18821.23,,,,1.0,439.92401125,437.375,439.92,0.28,2.55,,,
2022-01-26 17:55:05.623115,1643190905.623115,3872736.99,0.00,7542242.85,-148230.94,-128.30,3669505.86,7094589.38,7135285.15,47297262.55,0.49,7542242.85,1339.0,351.26000975,365.476821,470337.15,-16.76,-19036.31,,,,2.0,439.77316285,439.0975,879.55,0.28,1.35,,,
2022-01-26 17:55:43.523995,1643190943.523995,3878878.96,0.00,7541181.82,-149168.47,-251.80,3662302.86,7094220.54,7134853.38,47294803.57,0.49,7541181.82,1338.0,351.16000365,365.476821,469852.08,-32.13,-19155.9,,,,1.0,439.64797975,439.0975,439.65,-0.21,0.55,,,
2022-01-26 17:59:22.915120,1643191162.91512,3878891.31,0.00,7541309.33,-149065.45,-251.80,3662418.02,7094346.62,7134979.59,47295644.11,0.49,7541309.33,1338.0,351.17001345,365.476821,469865.48,-32.13,-19142.51,,,,1.0,439.5447693,439.0975,439.54,-0.21,0.45,,,
2022-01-26 18:00:08.006911,1643191208.006911,3872745.69,0.00,7538943.57,-151480.66,-251.80,3666197.88,7091285.80,7131981.96,47275238.65,0.49,7538943.57,1339.0,350.94000245,365.46672625,469908.66,-32.13,-19451.28,,,,2.0,439.35943605,439.75875,878.72,-0.21,-0.8,,,
2022-01-26 18:00:45.878994,1643191245.878994,3878920.80,0.00,7538582.83,-151782.55,-384.58,3659662.03,7091612.95,7132246.57,47277419.64,0.49,7538582.83,1338.0,350.8999939,365.46672625,469504.19,-47.73,-19490.29,,,,1.0,439.3847351,439.75875,439.38,-1.66,-0.37,,,
2022-01-26 18:02:04.931672,1643191324.931672,3878908.45,0.00,7536473.69,-153867.20,-384.58,3657565.24,7089505.23,7130138.73,47263368.21,0.49,7536473.69,1338.0,350.7000122,365.46672625,469236.62,-47.73,-19757.86,,,,1.0,439.2036133,439.75875,439.2,-1.66,-0.56,,,
2022-01-26 18:03:02.227459,1643191382.227459,3872310.42,0.00,7533315.82,-156160.99,-384.53,3661005.40,7085705.47,7126397.32,47238036.45,0.49,7533315.82,1339.0,350.480011,365.45630305,469292.73,-47.73,-20053.26,,,,2.0,438.835968,439.819375,877.67,-1.66,-1.97,,,
2022-01-26 18:03:40.099226,1643191420.099226,3878393.97,0.00,7535291.88,-153949.15,-521.41,3656897.91,7088379.39,7129007.80,47255862.59,0.49,7535291.88,1338.0,350.6799927,365.45630305,469209.83,-63.54,-19770.7,,,,1.0,439.10494995,439.819375,439.1,-3.42,-0.71,,,
2022-01-26 18:04:33.200352,1643191473.200352,3878393.97,0.00,7535604.61,-153636.43,-521.41,3657210.64,7088692.12,7129320.52,47257947.44,0.49,7535604.61,1338.0,350.70999145,365.45630305,469249.97,-63.54,-19730.56,,,,1.0,439.12960815,439.819375,439.13,-3.42,-0.69,,,
2022-01-26 18:05:18.307142,1643191518.307142,3872190.81,0.00,7535412.07,-153755.03,-521.41,3663221.27,7087811.78,7128502.72,47252078.56,0.49,7535412.07,1339.0,350.7000122,365.44603695,469587.32,-63.54,-19744.93,,,,2.0,439.1199341,439.9946875,878.24,-3.42,-1.75,,,
2022-01-26 18:05:56.186609,1643191556.186609,3878351.30,0.00,7536384.66,-152695.97,-657.32,3658033.37,7089473.60,7130101.88,47263157.32,0.49,7536384.66,1338.0,350.79000855,365.44603695,469357.03,-79.2,-19609.77,,,,1.0,439.22476195,439.9946875,439.22,-5.22,-0.77,,,
2022-01-26 18:06:43.550411,1643191603.550411,3878351.30,0.00,7535654.65,-153425.98,-657.32,3657303.35,7088743.59,7129371.86,47258290.57,0.49,7535654.65,1338.0,350.7200012,365.44603695,469263.36,-79.2,-19703.44,,,,1.0,439.14001465,439.9946875,439.14,-5.22,-0.85,,,
2022-01-26 18:07:40.827283,1643191660.827283,3872135.35,0.00,7534916.06,-154065.69,-657.32,3662780.71,7087318.65,7128009.33,47248791.02,0.49,7534916.06,1339.0,350.66000365,365.4358009,469533.74,-79.2,-19784.79,,,,2.0,439.12789915,440.08234375,878.26,-5.22,-1.91,,,
2022-01-26 18:08:18.677321,1643191698.677321,3878266.97,0.00,7533959.44,-154881.90,-797.72,3655692.47,7087054.12,7127681.88,47247027.48,0.49,7533959.44,1338.0,350.5700073,365.4358009,469062.67,-95.11,-19890.43,,,,1.0,438.98602295,440.08234375,438.99,-7.34,-1.1,,,
2022-01-26 18:10:46.797641,1643191846.797641,3878291.91,0.00,7534112.00,-154778.79,-797.73,3655820.09,7087203.80,7127831.82,47248025.36,0.49,7534112.00,1338.0,350.57998655,365.4358009,469076.02,-95.11,-19877.08,,,,1.0,439.00457765,440.08234375,439.0,-7.34,-1.08,,,
2022-01-26 18:18:14.760908,1643192294.760908,3878428.95,0.00,7536671.66,-152490.81,-797.76,3658242.71,7089747.68,7130377.13,47264984.52,0.49,7536671.66,1338.0,350.7999878,365.4358009,469370.38,-95.11,-19582.72,,,,1.0,439.1784668,440.08234375,439.18,-7.34,-0.9,,,
2022-01-26 18:18:59.904241,1643192339.904241,3875638.91,0.00,7537296.93,-151766.67,-797.75,3661658.02,7090044.94,7130704.21,47266966.25,0.49,7537296.93,1339.0,350.8699951,365.4256995,469814.92,-95.11,-19490.09,,,,1.0,439.2963257,440.08234375,439.3,-7.34,-0.79,,,
2022-01-26 18:19:37.861905,1643192377.861905,3878284.42,0.00,7537255.83,-151547.73,-934.39,3658971.41,7090344.77,7130973.04,47268965.11,0.49,7537255.83,1338.0,350.8800049,365.4256995,469477.45,-110.7,-19462.14,,,,1.0,439.2810974,440.21117185,439.28,-9.31,-0.93,,,
2022-01-26 18:20:10.383126,1643192410.383126,3878284.42,0.00,7536630.52,-152173.04,-934.39,3658346.10,7089719.45,7130347.73,47264796.37,0.49,7536630.52,1338.0,350.8200073,365.4256995,469397.17,-110.7,-19542.42,,,,1.0,439.25,440.21117185,439.25,-9.31,-0.96,,,
2022-01-26 18:20:55.518875,1643192455.518875,3872154.34,0.00,7536164.68,-152712.81,-934.40,3664010.35,7088557.21,7129248.80,47257048.08,0.49,7536164.68,1339.0,350.769989,365.41555335,469681.02,-110.7,-19610.41,,,,2.0,439.1660156,440.21558595,878.33,-9.31,-2.1,,,
2022-01-26 18:22:34.450833,1643192554.450833,3878299.56,0.00,7544081.77,-144667.90,-1062.22,3665782.21,7097166.41,7137795.08,47314442.74,0.49,7544081.77,1338.0,351.5299988,365.41555335,470347.14,-125.61,-18578.87,,,,1.0,439.76474,440.21558595,439.76,-10.8,-0.45,,,
2022-01-26 18:24:15.521787,1643192655.521787,3878299.56,0.00,7544185.68,-144563.99,-1062.22,3665886.11,7097270.31,7137898.98,47315135.42,0.49,7544185.68,1338.0,351.54000855,365.41555335,470360.53,-125.61,-18565.48,,,,1.0,439.71557615,440.21558595,439.72,-10.8,-0.5,,,
2022-01-26 18:25:12.850453,1643192712.850453,3872128.14,0.00,7539896.11,-148853.56,-1062.22,3667767.97,7092288.64,7132980.23,47281924.29,0.49,7539896.11,1339.0,351.1300049,365.40563135,470163.08,-125.61,-19115.06,,,,2.0,439.42648315,440.33279295,878.85,-10.8,-1.81,,,
2022-01-26 18:25:50.738035,1643192750.738035,3878242.28,0.00,7539414.21,-149151.22,-1197.02,3661171.93,7092501.72,7133130.13,47283344.79,0.49,7539414.21,1338.0,351.08999635,365.40563135,469758.42,-140.97,-19154.32,,,,1.0,439.4249573,440.33279295,439.42,-12.76,-0.91,,,
2022-01-26 18:27:09.805929,1643192829.805929,3878242.28,0.00,7538893.04,-149672.38,-1197.02,3660650.76,7091980.55,7132608.96,47279870.36,0.49,7538893.04,1338.0,351.04000855,365.40563135,469691.53,-140.97,-19221.2,,,,1.0,439.37631225,440.33279295,439.38,-12.76,-0.96,,,
2022-01-26 18:27:54.903186,1643192874.903186,3872121.00,0.00,7539287.20,-149377.11,-1197.03,3667166.19,7091676.85,7132368.70,47277845.65,0.49,7539287.20,1339.0,351.0700073,365.3956869,470082.74,-140.97,-19182.08,,,,2.0,439.43826295,440.3913965,878.88,-12.76,-1.91,,,
2022-01-26 18:36:17.445279,1643193377.445279,3872046.31,0.00,7542899.27,-145616.72,-1197.01,3670852.96,7095297.56,7135988.62,47301983.72,0.49,7542899.27,1339.0,351.4299927,365.3956869,470564.76,-140.97,-18700.06,,,,2.0,439.7147522,440.3913965,879.43,-12.76,-1.35,,,
2022-01-26 18:40:05.256811,1643193605.256811,3872021.41,0.00,7544731.83,-143734.72,-1197.00,3672710.42,7097132.99,7137823.80,47314219.96,0.49,7544731.83,1339.0,351.60998535,365.3956869,470805.77,-140.97,-18459.05,,,,2.0,440.00183105,440.3913965,880.0,-12.76,-0.78,,,
2022-01-26 21:26:26.098115,1643203586.098115,3865157.00,0.00,7563055.01,-124103.54,-1196.80,3697898.01,7114840.35,7155587.13,47432268.98,0.49,7563055.01,1340.0,353.48999025,365.38756325,473676.59,-140.97,-15942.75,,,,3.0,441.6118469,441.1342643,1324.84,-12.76,1.43,,,
2022-01-26 21:27:04.349113,1643203624.349113,3871330.65,0.00,7562621.69,-124431.71,-1301.95,3691291.04,7115099.00,7155782.89,47433993.37,0.49,7562621.69,1339.0,353.4500122,365.38756325,473269.57,-153.93,-15984.38,,,,2.0,441.58999635,441.1342643,883.18,-13.31,0.91,,,
2022-01-26 21:29:42.561896,1643203782.561896,3871330.65,0.00,7562622.16,-124431.25,-1301.95,3691291.50,7115099.47,7155783.35,47433996.45,0.49,7562622.16,1339.0,353.4500122,365.38756325,473269.57,-153.93,-15984.38,,,,2.0,441.61972045,441.1342643,883.24,-13.31,0.97,,,
2022-01-26 21:30:22.634374,1643203822.634374,3865131.51,0.00,7557492.37,-129561.03,-1301.95,3692360.86,7109277.71,7150024.50,47395184.74,0.49,7557492.37,1340.0,352.95999145,365.37906505,472966.39,-153.93,-16641.56,,,,3.0,441.25930785,441.51950955,1323.78,-13.31,-0.78,,,
2022-01-26 21:31:00.641424,1643203860.641424,3871302.05,0.00,7558839.45,-128102.76,-1413.14,3687537.40,7111316.76,7152000.64,47408778.42,0.49,7558839.45,1339.0,353.08999635,365.37906505,472787.51,-167.22,-16455.06,,,,2.0,441.54000855,441.51950955,883.08,-14.3,0.04,,,
2022-01-26 21:33:38.838879,1643204018.838879,3871302.05,0.00,7558736.21,-128206.00,-1413.14,3687434.16,7111213.52,7151897.40,47408090.12,0.49,7558736.21,1339.0,353.07998655,365.37906505,472774.1,-167.22,-16468.47,,,,2.0,441.61053465,441.51950955,883.22,-14.3,0.18,,,
2022-01-26 21:34:18.933086,1643204058.933086,3865083.97,0.00,7552720.77,-134172.01,-1413.13,3687636.80,7104508.98,7145255.51,47363393.23,0.49,7552720.77,1340.0,352.51000975,365.370215,472363.41,-167.22,-17232.68,,,,3.0,440.99523925,441.68300635,1322.99,-14.3,-2.06,,,
2022-01-26 21:34:57.227895,1643204097.227895,3871244.42,0.00,7551347.91,-135422.42,-1535.57,3680103.49,7103828.10,7144511.72,47358854.02,0.49,7551347.91,1339.0,352.3800049,365.370215,471836.83,-181.22,-17393.89,,,,2.0,440.9500122,441.68300635,881.9,-16.03,-1.47,,,
2022-01-26 21:37:35.376389,1643204255.376389,3871244.42,0.00,7552182.48,-134587.86,-1535.57,3680938.06,7104662.67,7145346.29,47364417.78,0.49,7552182.48,1339.0,352.45999145,365.370215,471943.93,-181.22,-17286.79,,,,2.0,441.0,441.68300635,882.0,-16.03,-1.37,,,
2022-01-26 21:38:15.466424,1643204295.466424,3864989.60,0.00,7552149.40,-134497.58,-1535.54,3687159.79,7103944.81,7144690.68,47359632.05,0.49,7552149.40,1340.0,352.4700012,365.36133425,472309.8,-181.22,-17274.39,,,,3.0,440.9751892,441.79200425,1322.93,-16.03,-2.45,,,
2022-01-26 21:38:53.496233,1643204333.496233,3871149.02,0.00,7550983.68,-135539.15,-1659.69,3679834.66,7103471.06,7144154.02,47356473.70,0.49,7550983.68,1339.0,352.35998535,365.36133425,471810.02,-195.22,-17408.81,,,,2.0,440.8800049,441.79200425,881.76,-17.98,-1.82,,,
2022-01-26 21:41:31.629123,1643204491.629123,3871149.02,0.00,7550983.22,-135539.61,-1659.69,3679834.20,7103470.59,7144153.56,47356470.63,0.49,7550983.22,1339.0,352.35998535,365.36133425,471810.02,-195.22,-17408.81,,,,2.0,440.85043335,441.79200425,881.7,-17.98,-1.88,,,
2022-01-26 21:42:11.723248,1643204531.723248,3864959.29,0.00,7549195.76,-137327.07,-1659.69,3684236.47,7100991.17,7141737.04,47339941.13,0.49,7549195.76,1340.0,352.19000245,365.352281,471934.6,-195.22,-17637.45,,,,3.0,440.8699341,441.81800285,1322.61,-17.98,-2.84,,,
2022-01-26 21:42:49.673443,1643204569.673443,3871119.79,0.00,7551372.75,-135026.89,-1782.89,3680252.95,7103860.12,7144543.09,47359067.46,0.49,7551372.75,1339.0,352.3999939,365.352281,471863.59,-209.17,-17343.11,,,,2.0,440.95999145,441.81800285,881.92,-19.85,-1.72,,,
2022-01-26 21:45:28.023938,1643204728.023938,3871119.79,0.00,7552207.93,-134191.71,-1782.89,3681088.14,7104695.30,7145378.27,47364635.34,0.49,7552207.93,1339.0,352.480011,365.352281,471970.73,-209.17,-17235.97,,,,2.0,441.0299988,441.81800285,882.06,-19.85,-1.58,,,
2022-01-26 21:46:08.121860,1643204768.12186,3864930.68,0.00,7548956.28,-137443.36,-1782.89,3684025.60,7100751.69,7141497.56,47338344.62,0.49,7548956.28,1340.0,352.17001345,365.34322705,471907.82,-209.17,-17652.11,,,,3.0,440.76919555,441.8120019,1322.31,-19.85,-3.13,,,
2022-01-26 21:46:46.243012,1643204806.243012,3871090.88,0.00,7551447.57,-134828.68,-1906.27,3680356.70,7103934.95,7144617.91,47359566.31,0.49,7551447.57,1339.0,352.41000365,365.34322705,471876.99,-223.13,-17317.59,,,,2.0,440.9215698,441.8120019,881.84,-21.74,-1.78,,,
2022-01-26 21:49:24.391488,1643204964.391488,3871115.77,0.00,7551079.69,-135245.99,-1906.28,3679963.92,7103564.19,7144247.41,47357094.57,0.49,7551079.69,1339.0,352.3699951,365.34322705,471823.42,-223.13,-17371.16,,,,2.0,440.95999145,441.8120019,881.92,-21.74,-1.7,,,
2022-01-26 21:50:04.517462,1643205004.517462,3864949.45,0.00,7550693.38,-135681.27,-1906.30,3685743.93,7102483.06,7143229.45,47349887.04,0.49,7550693.38,1340.0,352.32998655,365.3342918,472122.18,-223.13,-17425.77,,,,3.0,440.8699951,441.8346679,1322.61,-21.74,-2.89,,,
2022-01-26 21:50:42.497151,1643205042.497151,3871106.07,0.00,7548900.68,-137346.82,-2033.45,3677794.61,7101382.32,7142065.81,47342548.80,0.49,7548900.68,1339.0,352.16000365,365.3342918,471542.24,-237.32,-17640.37,,,,2.0,440.71655275,441.8346679,881.43,-23.88,-2.24,,,
2022-01-26 21:53:20.675737,1643205200.675737,3871106.07,0.00,7548796.54,-137450.95,-2033.45,3677690.47,7101278.18,7141961.67,47341854.56,0.49,7548796.54,1339.0,352.1499939,365.3342918,471528.84,-237.32,-17653.77,,,,2.0,440.72976685,441.8346679,881.46,-23.88,-2.21,,,
2022-01-26 21:54:00.831584,1643205240.831584,3864917.89,0.00,7548884.87,-137362.63,-2033.45,3683966.98,7100674.54,7141420.93,47337830.27,0.49,7548884.87,1340.0,352.16000365,365.32520655,471894.4,-237.32,-17641.37,,,,3.0,440.7107239,441.7997786,1322.13,-23.88,-3.27,,,
2022-01-26 21:54:38.758394,1643205278.758394,3871074.19,0.00,7548347.32,-137773.05,-2160.57,3677273.13,7100828.96,7141512.45,47338859.76,0.49,7548347.32,1339.0,352.10998535,365.32520655,471475.27,-251.55,-17695.18,,,,2.0,440.71084595,441.7997786,881.42,-25.98,-2.18,,,
2022-01-26 21:57:16.864584,1643205436.864584,3871074.19,0.00,7548034.29,-138086.08,-2160.57,3676960.09,7100515.93,7141199.42,47336772.87,0.49,7548034.29,1339.0,352.07998655,365.32520655,471435.1,-251.55,-17735.35,,,,2.0,440.69000245,441.7997786,881.38,-25.98,-2.22,,,
2022-01-26 21:57:56.994997,1643205476.994997,3864883.37,0.00,7550627.30,-135493.07,-2160.57,3685743.93,7102416.97,7143163.37,47349446.48,0.49,7550627.30,1340.0,352.32998655,365.3162698,472122.18,-251.55,-17401.62,,,,3.0,440.8699951,441.8265191,1322.61,-25.98,-2.87,,,
2022-01-26 21:58:35.005062,1643205515.005062,3871044.42,0.00,7551969.94,-134027.92,-2283.08,3680925.52,7104451.59,7145135.07,47363010.57,0.49,7551969.94,1339.0,352.45999145,365.3162698,471943.93,-265.41,-17214.56,,,,2.0,440.9621887,441.8265191,881.92,-27.86,-1.73,,,
2022-01-26 22:01:13.221093,1643205673.221093,3871044.42,0.00,7552387.58,-133610.28,-2283.08,3681343.15,7104869.22,7145552.71,47365794.79,0.49,7552387.58,1339.0,352.5,365.3162698,471997.5,-265.41,-17160.99,,,,2.0,440.99957275,441.8265191,882.0,-27.86,-1.65,,,
2022-01-26 22:01:53.456707,1643205713.456707,3864846.75,0.00,7555502.66,-130495.20,-2283.08,3690655.92,7107292.34,7148038.73,47381948.92,0.49,7555502.66,1340.0,352.7999878,365.30769795,472751.98,-265.41,-16760.33,,,,3.0,441.25598145,441.9776794,1323.77,-27.86,-2.17,,,
2022-01-26 22:02:31.449191,1643205751.449191,3871012.78,0.00,7555904.29,-129974.93,-2401.73,3684891.51,7108385.94,7149069.42,47389239.58,0.49,7555904.29,1339.0,352.83999635,365.30769795,472452.76,-278.9,-16694.25,,,,2.0,441.2706299,441.9776794,882.54,-29.61,-1.41,,,
2022-01-26 22:05:10.284317,1643205910.284317,3871012.78,0.00,7555174.23,-130704.98,-2401.73,3684161.45,7107655.88,7148339.36,47384372.52,0.49,7555174.23,1339.0,352.769989,365.30769795,472359.02,-278.9,-16787.99,,,,2.0,441.25143435,441.9776794,882.5,-29.61,-1.45,,,
2022-01-26 22:05:50.402095,1643205950.402095,3864841.59,0.00,7546621.31,-139282.86,-2401.73,3681779.72,7098409.53,7139156.05,47322730.19,0.49,7546621.31,1340.0,351.9500122,365.29848325,471613.02,-278.9,-17886.95,,,,3.0,440.34207155,441.77178625,1321.03,-29.61,-4.29,,,
2022-01-26 22:06:28.470479,1643205988.470479,3870995.58,0.00,7548069.13,-137706.00,-2530.77,3677073.56,7100549.33,7141232.94,47336995.50,0.49,7548069.13,1339.0,352.08999635,365.29848325,471448.51,-293.15,-17686.16,,,,2.0,440.50930785,441.77178625,881.02,-31.93,-2.52,,,
2022-01-26 22:09:06.746623,1643206146.746623,3870995.58,0.00,7547860.28,-137914.86,-2530.77,3676864.70,7100340.47,7141024.09,47335603.11,0.49,7547860.28,1339.0,352.0700073,365.29848325,471421.74,-293.15,-17712.93,,,,2.0,440.47769165,441.77178625,880.96,-31.93,-2.59,,,
2022-01-26 22:09:46.826857,1643206186.826857,3864812.75,0.00,7545756.43,-140018.71,-2530.77,3680943.68,7097544.65,7138291.17,47316964.32,0.49,7545756.43,1340.0,351.8699951,365.2892232,471505.79,-293.15,-17981.77,,,,3.0,440.2857666,441.6178575,1320.86,-31.93,-4.0,,,
2022-01-26 22:10:24.844503,1643206224.844503,3870988.83,0.00,7545998.16,-139695.84,-2661.35,3675009.33,7098475.47,7139159.35,47323169.83,0.49,7545998.16,1339.0,351.89001465,365.2892232,471180.73,-307.59,-17941.54,,,,2.0,440.30133055,441.6178575,880.6,-34.26,-2.63,,,
2022-01-26 22:13:03.170890,1643206383.17089,3870988.83,0.00,7543701.92,-141992.08,-2661.35,3672713.09,7096179.23,7136863.11,47307861.55,0.49,7543701.92,1339.0,351.67001345,365.2892232,470886.15,-307.59,-18236.12,,,,2.0,440.11401365,441.6178575,880.23,-34.26,-3.01,,,
2022-01-26 22:13:43.278131,1643206423.278131,3864779.24,0.00,7548122.64,-137521.93,-2661.33,3683343.40,7099910.86,7140657.38,47332739.05,0.49,7548122.64,1340.0,352.1000061,365.2801417,471814.01,-307.59,-17661.38,,,,3.0,440.29748535,441.51857165,1320.89,-34.26,-3.66,,,
2022-01-26 22:14:21.511061,1643206461.511061,3870932.68,0.00,7548836.63,-136680.48,-2788.79,3677903.95,7101316.82,7142000.44,47342112.16,0.49,7548836.63,1339.0,352.17001345,365.2801417,471555.65,-321.72,-17554.46,,,,2.0,440.27072145,441.51857165,880.54,-36.51,-2.5,,,
2022-01-26 22:16:59.763818,1643206619.763818,3870932.68,0.00,7546853.66,-138663.45,-2788.79,3675920.97,7099333.85,7140017.47,47328892.31,0.49,7546853.66,1339.0,351.9800415,365.2801417,471301.28,-321.72,-17808.83,,,,2.0,440.09765625,441.51857165,880.2,-36.51,-2.84,,,
2022-01-26 22:17:39.878433,1643206659.878433,3864755.07,0.00,7544330.05,-141187.06,-2788.79,3679574.97,7096118.27,7136864.79,47307455.11,0.49,7544330.05,1340.0,351.73999025,365.2707983,471331.59,-321.72,-18131.28,,,,3.0,439.75,441.2690478,1319.25,-36.51,-4.56,,,
2022-01-26 22:18:17.989557,1643206697.989557,3870902.68,0.00,7545986.23,-139399.60,-2920.08,3675083.55,7098466.42,7139150.04,47323109.45,0.49,7545986.23,1339.0,351.8999939,365.2707983,471194.09,-336.12,-17903.51,,,,2.0,439.90490725,441.2690478,879.81,-38.98,-2.73,,,
2022-01-26 22:20:56.297629,1643206856.297629,3870902.68,0.00,7545983.85,-139401.97,-2920.08,3675081.17,7098464.04,7139147.66,47323093.59,0.49,7545983.85,1339.0,351.8999939,365.2707983,471194.09,-336.12,-17903.51,,,,2.0,439.75219725,441.2690478,879.5,-38.98,-3.03,,,
2022-01-26 22:21:36.424474,1643206896.424474,3864720.47,0.00,7548160.37,-137225.45,-2920.08,3683439.90,7099948.59,7140695.12,47332990.60,0.49,7548160.37,1340.0,352.10998535,365.261738,471827.38,-336.12,-17623.35,,,,3.0,439.97192385,441.17603185,1319.92,-38.98,-3.61,,,
2022-01-26 22:22:14.574428,1643206934.574428,3870890.02,0.00,7544116.52,-141185.27,-3053.55,3673226.51,7096593.84,7137277.72,47310625.57,0.49,7544116.52,1339.0,351.7200012,365.261738,470953.08,-350.69,-18132.39,,,,2.0,439.62194825,441.17603185,879.24,-41.54,-3.11,,,
2022-01-26 22:24:52.961202,1643207092.961202,3870890.02,0.00,7545993.87,-139307.93,-3053.55,3675103.85,7098471.18,7139155.06,47323141.22,0.49,7545993.87,1339.0,351.8999939,365.261738,471194.09,-350.69,-17891.38,,,,2.0,439.69107055,441.17603185,879.38,-41.54,-2.97,,,
2022-01-26 22:25:33.098936,1643207133.098936,3864680.43,0.00,7550834.47,-134417.90,-3053.53,3686154.05,7102622.69,7143369.22,47350817.95,0.49,7550834.47,1340.0,352.3699951,365.25287105,472175.79,-350.69,-17263.05,,,,3.0,440.0474243,441.13735455,1320.14,-41.54,-3.27,,,
2022-01-26 22:26:11.505116,1643207171.505116,3870836.05,0.00,7551866.57,-133263.70,-3175.63,3681030.52,7104346.76,7145030.38,47362311.75,0.49,7551866.57,1339.0,352.4700012,365.25287105,471957.33,-364.47,-17116.26,,,,2.0,440.23709105,441.13735455,880.47,-43.44,-1.8,,,
2022-01-26 22:28:49.963117,1643207329.963117,3870836.05,0.00,7551867.22,-133263.05,-3175.63,3681031.17,7104347.41,7145031.03,47362316.07,0.49,7551867.22,1339.0,352.4700012,365.25287105,471957.33,-364.47,-17116.26,,,,2.0,440.278656,441.13735455,880.56,-43.44,-1.72,,,
2022-01-26 22:29:33.764261,1643207373.764261,3864618.95,0.00,7555663.79,-129417.05,-3175.61,3691044.84,7107454.89,7148201.16,47383032.63,0.49,7555663.79,1340.0,352.83999635,365.2443465,472805.6,-364.47,-16621.83,,,,3.0,440.54174805,441.28490305,1321.63,-43.44,-2.23,,,
2022-01-26 22:30:22.094471,1643207422.094471,3870776.25,0.00,7554286.67,-130672.70,-3297.09,3683510.42,7106769.74,7147453.10,47378464.92,0.49,7554286.67,1339.0,352.70999145,365.2443465,472278.68,-378.14,-16783.5,,,,2.0,440.35998535,441.28490305,880.72,-45.38,-1.85,,,
2022-01-26 22:32:39.399530,1643207559.39953,3870776.25,0.00,7557106.50,-127852.87,-3297.09,3686330.25,7109589.56,7150272.92,47397263.76,0.49,7557106.50,1339.0,352.980011,365.2443465,472640.23,-378.14,-16421.95,,,,2.0,440.69000245,441.28490305,881.38,-45.38,-1.19,,,
2022-01-26 22:32:46.776879,1643207566.776879,3864627.51,0.00,7551629.25,-133404.02,-3297.12,3687001.75,7103416.05,7144162.70,47356106.97,0.49,7551629.25,1340.0,352.4500122,365.23556715,472283.02,-378.14,-17132.64,,,,3.0,440.1000061,441.22993535,1320.3,-45.38,-3.39,,,
2022-01-26 22:33:03.807178,1643207583.807178,3870775.99,0.00,7547431.61,-137471.81,-3426.97,3676655.62,7099910.37,7140594.12,47332735.81,0.49,7547431.61,1339.0,352.0499878,365.23556715,471394.93,-392.32,-17655.49,,,,2.0,439.7000122,441.22993535,879.4,-47.88,-3.06,,,
2022-01-26 22:35:21.292868,1643207721.292868,3870763.66,0.00,7542920.62,-141958.33,-3426.96,3672156.96,7095400.81,7136084.43,47302672.05,0.49,7542920.62,1339.0,351.6199951,365.23556715,470819.17,-392.32,-18231.25,,,,2.0,439.3999939,441.22993535,878.8,-47.88,-3.66,,,
2022-01-26 22:35:28.618263,1643207728.618263,3864614.33,0.00,7542547.76,-142380.60,-3426.98,3677933.43,7094333.10,7135079.89,47295554.01,0.49,7542547.76,1340.0,351.5812378,365.2262197,471118.86,-392.32,-18284.28,,,,3.0,439.35998535,440.9466236,1318.08,-47.88,-4.76,,,
2022-01-26 22:35:45.754071,1643207745.754071,3870748.20,0.00,7536375.59,-148410.56,-3569.19,3665627.40,7088852.91,7129536.79,47259019.37,0.49,7536375.59,1339.0,350.9920349,365.2262197,469978.33,-407.56,-19059.57,,,,2.0,438.93600465,440.9466236,877.87,-50.91,-4.02,,,
2022-01-26 22:38:02.713775,1643207882.713775,3870748.20,0.00,7536772.42,-148013.73,-3569.19,3666024.23,7089249.74,7129933.62,47261664.91,0.49,7536772.42,1339.0,351.0299988,365.2262197,470029.17,-407.56,-19008.74,,,,2.0,439.00601195,440.9466236,878.01,-50.91,-3.88,,,
2022-01-26 22:38:10.056969,1643207890.056969,3864570.23,0.00,7542714.64,-142071.52,-3569.19,3678144.41,7094499.98,7135246.76,47296666.50,0.49,7542714.64,1340.0,351.6000061,365.2167673,471144.01,-407.56,-18246.46,,,,3.0,440.01000975,440.96774905,1320.03,-50.91,-2.87,,,
2022-01-26 22:38:26.976095,1643207906.976095,3870709.78,0.00,7538034.58,-146614.96,-3705.81,3667324.79,7090511.89,7131195.77,47270079.26,0.49,7538034.58,1339.0,351.1539917,365.2167673,470195.19,-422.59,-18830.06,,,,2.0,439.5227661,440.96774905,879.05,-53.42,-2.89,,,
2022-01-26 22:40:44.297627,1643208044.297627,3870709.78,0.00,7535566.76,-149082.78,-3705.81,3664856.97,7088044.07,7128727.95,47253627.13,0.49,7535566.76,1339.0,350.91741945,365.2167673,469878.42,-422.59,-19146.83,,,,2.0,439.41000365,440.96774905,878.82,-53.42,-3.12,,,
2022-01-26 22:40:51.620640,1643208051.62064,3864517.01,0.00,7535318.51,-149281.61,-3705.79,3670801.50,7087106.73,7127853.25,47247378.19,0.49,7535318.51,1340.0,350.8999939,365.2068742,470205.99,-422.59,-19171.22,,,,3.0,439.29000855,440.7518327,1317.87,-53.42,-4.39,,,
2022-01-26 22:41:08.735520,1643208068.73552,3870651.69,0.00,7533926.37,-150534.06,-3845.47,3663274.67,7086406.56,7127090.18,47242710.38,0.49,7533926.37,1339.0,350.7680969,365.2068742,469678.48,-438.02,-19333.52,,,,2.0,439.269989,440.7518327,878.54,-55.94,-2.96,,,
2022-01-26 22:43:26.084792,1643208206.084792,3870651.69,0.00,7537494.29,-146966.14,-3845.47,3666842.60,7089974.48,7130658.10,47266496.52,0.49,7537494.29,1339.0,351.10998535,365.2068742,470136.27,-438.02,-18875.73,,,,2.0,439.5299988,440.7518327,879.06,-55.94,-2.44,,,
2022-01-26 22:43:33.415058,1643208213.415058,3864460.98,0.00,7532199.03,-152211.98,-3845.45,3667738.05,7083990.14,7124736.40,47226600.90,0.49,7532199.03,1340.0,350.6083374,365.19672725,469815.17,-438.02,-19548.44,,,,3.0,439.4039917,440.63788845,1318.21,-55.94,-3.7,,,
2022-01-26 22:43:50.501007,1643208230.501007,3870617.25,0.00,7530199.71,-154118.73,-3987.46,3659582.47,7082679.90,7123363.52,47217866.03,0.49,7530199.71,1339.0,350.41400145,365.19672725,469204.35,-453.83,-19794.07,,,,2.0,439.2000122,440.63788845,878.4,-58.37,-2.88,,,
2022-01-26 22:46:07.768825,1643208367.768825,3870617.25,0.00,7527854.90,-156463.54,-3987.46,3657237.65,7080335.09,7121018.71,47202233.95,0.49,7527854.90,1339.0,350.189209,365.19672725,468903.35,-453.83,-20095.07,,,,2.0,439.1000061,440.63788845,878.2,-58.37,-3.08,,,
2022-01-26 22:46:15.158199,1643208375.158199,3864444.39,0.00,7533990.46,-150327.98,-3987.46,3669546.07,7085778.68,7126525.20,47238524.50,0.49,7533990.46,1340.0,350.77789305,365.18675955,470042.38,-453.83,-19307.88,,,,3.0,440.0739746,440.785259,1320.22,-58.37,-2.13,,,
2022-01-26 22:46:32.212078,1643208392.212078,3870563.05,0.00,7535848.04,-148290.07,-4118.35,3665284.99,7088331.11,7129014.46,47255540.70,0.49,7535848.04,1339.0,350.961792,365.18675955,469937.84,-469.1,-19047.23,,,,2.0,440.2200012,440.785259,880.44,-59.92,-1.13,,,
2022-01-26 22:48:49.445499,1643208529.445499,3870563.05,0.00,7535828.69,-148309.42,-4118.35,3665265.64,7088311.76,7128995.11,47255411.71,0.49,7535828.69,1339.0,350.9598999,365.18675955,469935.31,-469.1,-19049.77,,,,2.0,440.24398805,440.785259,880.49,-59.92,-1.08,,,
2022-01-26 22:48:56.797171,1643208536.797171,3864381.74,0.00,7538948.81,-145189.30,-4118.35,3674567.06,7090739.91,7131486.17,47271599.39,0.49,7538948.81,1340.0,351.2601013,365.17716495,470688.54,-469.1,-18648.87,,,,3.0,440.68600465,441.083506,1322.06,-59.92,-1.19,,,
2022-01-26 22:49:13.871245,1643208553.871245,3870574.08,0.00,7542269.04,-141821.40,-4239.95,3671694.96,7094747.80,7135431.55,47298318.69,0.49,7542269.04,1339.0,351.5720825,365.17716495,470755.02,-483.7,-18217.21,,,,2.0,441.0539856,441.083506,882.11,-60.93,-0.06,,,
2022-01-26 22:51:31.095359,1643208691.095359,3870574.08,0.00,7543354.82,-140735.62,-4239.95,3672780.74,7095833.58,7136517.33,47305557.21,0.49,7543354.82,1339.0,351.67599485,365.17716495,470894.16,-483.7,-18078.07,,,,2.0,441.2200012,441.083506,882.44,-60.93,0.27,,,
2022-01-26 22:51:38.422218,1643208698.422218,3864389.13,0.00,7540043.74,-144046.70,-4239.95,3675654.61,7091830.53,7132577.19,47278870.22,0.49,7540043.74,1340.0,351.35998535,365.167585,470822.38,-483.7,-18502.18,,,,3.0,441.1239929,441.4323373,1323.37,-60.93,-0.93,,,
2022-01-26 22:51:55.510932,1643208715.510932,3870548.43,0.00,7544209.31,-139761.05,-4360.03,3673660.88,7096688.08,7137371.82,47311253.84,0.49,7544209.31,1339.0,351.76000975,365.167585,471006.65,-498.18,-17952.74,,,,2.0,441.5,441.4323373,883.0,-61.88,0.14,,,
2022-01-26 22:54:12.812969,1643208852.812969,3870548.43,0.00,7544648.14,-139322.22,-4360.03,3674099.71,7097126.90,7137810.65,47314179.36,0.49,7544648.14,1339.0,351.80203245,365.167585,471062.92,-498.18,-17896.47,,,,2.0,441.5499878,441.4323373,883.1,-61.88,0.24,,,
2022-01-26 22:54:20.170184,1643208860.170184,3864385.55,0.00,7549906.14,-134138.59,-4360.07,3685520.59,7101688.59,7142435.64,47344590.60,0.49,7549906.14,1340.0,352.30010985,365.1587435,472082.15,-498.18,-17230.57,,,,3.0,442.10998535,441.99489155,1326.33,-61.88,0.35,,,
2022-01-26 22:54:37.258353,1643208877.258353,3870557.83,0.00,7552379.22,-131554.04,-4471.54,3681821.39,7104853.65,7145537.79,47365691.01,0.49,7552379.22,1339.0,352.53829955,365.1587435,472048.78,-511.83,-16898.77,,,,2.0,442.26400755,441.99489155,884.53,-62.54,0.54,,,
2022-01-26 22:56:54.640895,1643209014.640895,3870557.83,0.00,7549247.31,-134685.94,-4471.54,3678689.48,7101721.75,7142405.89,47344811.65,0.49,7549247.31,1339.0,352.2381592,365.1587435,471646.9,-511.83,-17300.66,,,,2.0,442.05999755,441.99489155,884.12,-62.54,0.13,,,
2022-01-26 22:57:01.982387,1643209021.982387,3864310.74,0.00,7548749.34,-135085.08,-4471.48,3684438.60,7100537.56,7141284.08,47336917.06,0.49,7548749.34,1340.0,352.20150755,365.1498191,471950.02,-511.83,-17350.74,,,,3.0,441.8540039,442.28326105,1325.56,-62.54,-1.29,,,
2022-01-26 22:57:19.092769,1643209039.092769,3870474.15,0.00,7547565.47,-136146.52,-4593.92,3677091.32,7100045.66,7140729.28,47333637.72,0.49,7547565.47,1339.0,352.08999635,365.1498191,471448.51,-525.9,-17487.1,,,,2.0,441.6499939,442.28326105,883.3,-64.2,-1.27,,,
2022-01-26 22:59:36.419725,1643209176.419725,3870449.26,0.00,7545243.43,-138419.14,-4593.89,3674794.17,7097726.50,7138409.85,47318176.64,0.49,7545243.43,1339.0,351.8722229,365.1498191,471156.91,-525.9,-17778.7,,,,2.0,441.4299927,442.28326105,882.86,-64.2,-1.71,,,
2022-01-26 22:59:43.798024,1643209183.798024,3864218.72,0.00,7545906.35,-137682.33,-4593.84,3681687.63,7097701.76,7138447.63,47318011.74,0.49,7545906.35,1340.0,351.94400025,365.14069235,471604.96,-525.9,-17683.57,,,,3.0,441.61398315,442.402174,1324.84,-64.2,-2.36,,,
2022-01-26 23:00:00.784264,1643209200.784264,3870384.52,0.00,7548380.81,-135087.07,-4714.64,3677996.29,7100868.18,7141551.15,47339121.20,0.49,7548380.81,1339.0,352.18218995,365.14069235,471571.95,-539.87,-17351.43,,,,2.0,441.83999635,442.402174,883.68,-65.74,-1.12,,,
2022-01-26 23:02:18.507274,1643209338.507274,3870384.52,0.00,7546274.87,-137193.00,-4714.64,3675890.35,7098762.25,7139445.21,47325081.65,0.49,7546274.87,1339.0,351.9807434,365.14069235,471302.22,-539.87,-17621.17,,,,2.0,441.4500122,442.402174,882.9,-65.74,-1.9,,,
2022-01-26 23:02:25.933127,1643209345.933127,3864136.06,0.00,7558767.04,-124626.48,-4714.60,3694630.98,7110566.79,7151312.26,47403778.57,0.49,7558767.04,1340.0,353.18600465,365.1325351,473269.25,-539.87,-16008.35,,,,3.0,442.59399415,442.81144935,1327.78,-65.74,-0.65,,,
2022-01-26 23:02:43.104178,1643209363.104178,3870313.32,0.00,7558037.71,-125243.41,-4827.00,3687724.39,7110529.41,7151211.99,47403529.43,0.49,7558037.71,1339.0,353.11798095,365.1325351,472824.98,-552.96,-16087.49,,,,2.0,442.4299927,442.81144935,884.86,-67.1,-0.76,,,
2022-01-26 23:05:00.438649,1643209500.438649,3870338.22,0.00,7558319.99,-125010.54,-4827.03,3687981.78,7110808.82,7151491.65,47405392.12,0.49,7558319.99,1339.0,353.14019775,365.1325351,472854.72,-552.96,-16057.74,,,,2.0,442.56399535,442.81144935,885.13,-67.1,-0.49,,,
2022-01-26 23:05:07.791967,1643209507.791967,3864121.57,0.00,7563397.39,-119933.15,-4827.03,3699275.82,7115194.26,7155940.00,47434628.38,0.49,7563397.39,1340.0,353.62841795,365.1247422,473862.08,-552.96,-15405.07,,,,3.0,442.8500061,443.16429955,1328.55,-67.1,-0.94,,,
2022-01-26 23:05:24.993129,1643209524.993129,3870306.11,0.00,7563508.68,-119714.01,-4934.87,3693202.58,7115997.51,7156680.34,47439983.39,0.49,7563508.68,1339.0,353.64068605,365.1247422,473524.88,-565.46,-15377.15,,,,2.0,442.80599975,443.16429955,885.61,-68.45,-0.72,,,
2022-01-26 23:07:42.741061,1643209662.741061,3870306.11,0.00,7563692.17,-119530.52,-4934.87,3693386.06,7116180.99,7156863.83,47441206.63,0.49,7563692.17,1339.0,353.6581421,365.1247422,473548.25,-565.46,-15353.78,,,,2.0,442.9039917,443.16429955,885.81,-68.45,-0.52,,,
2022-01-26 23:07:50.102189,1643209670.102189,3864125.68,0.00,7556373.15,-126898.96,-4934.90,3692247.47,7108167.13,7148913.14,47387780.89,0.49,7556373.15,1340.0,352.9539795,365.1164103,472958.33,-565.46,-16297.66,,,,3.0,442.14001465,443.1561997,1326.42,-68.45,-3.05,,,
2022-01-26 23:08:07.338993,1643209687.338993,3870299.98,0.00,7556340.82,-126813.29,-5052.90,3686040.84,7108826.77,7149509.86,47392178.44,0.49,7556340.82,1339.0,352.9522705,365.1164103,472603.09,-578.62,-16287.78,,,,2.0,442.1968689,443.1561997,884.39,-70.44,-1.92,,,
2022-01-26 23:10:24.807626,1643209824.807626,3870299.98,0.00,7557442.77,-125711.34,-5052.90,3687142.78,7109928.71,7150611.81,47399524.76,0.49,7557442.77,1339.0,353.0577698,365.1164103,472744.35,-578.62,-16146.52,,,,2.0,442.33999635,443.1561997,884.68,-70.44,-1.63,,,
2022-01-26 23:10:32.192934,1643209832.192934,3864099.87,0.00,7553400.57,-129753.54,-5052.90,3689300.70,7105194.56,7145940.56,47367963.70,0.49,7553400.57,1340.0,352.6724243,365.1078831,472581.05,-578.62,-16663.51,,,,3.0,441.7260132,443.01746645,1325.18,-70.44,-3.87,,,
2022-01-26 23:10:49.376863,1643209849.376863,3870269.43,0.00,7554028.57,-129003.95,-5174.50,3683759.13,7106514.51,7147197.61,47376763.43,0.49,7554028.57,1339.0,352.7340088,365.1078831,472310.84,-591.99,-16568.62,,,,2.0,441.77597045,443.0174665,883.55,-72.69,-2.48,,,
2022-01-26 23:13:06.811472,1643209986.811472,3870269.43,0.00,7555260.98,-127771.54,-5174.50,3684991.54,7107746.92,7148430.02,47384979.48,0.49,7555260.98,1339.0,352.8521118,365.1078831,472468.98,-591.99,-16410.48,,,,2.0,441.85998535,443.0174665,883.72,-72.69,-2.31,,,
2022-01-26 23:13:14.151312,1643209994.151312,3864072.91,0.00,7551732.74,-131299.77,-5174.50,3687659.84,7103526.73,7144272.73,47356844.83,0.49,7551732.74,1340.0,352.51574705,365.0992205,472371.1,-591.99,-16861.85,,,,3.0,441.4500122,442.83497765,1324.35,-72.69,-4.15,,,
2022-01-26 23:13:31.292662,1643210011.292662,3870231.80,0.00,7547329.46,-135572.28,-5305.27,3677097.66,7099815.40,7140498.50,47332102.70,0.49,7547329.46,1339.0,352.0960083,365.0992205,471456.56,-606.01,-17411.3,,,,2.0,441.0700073,442.83497765,882.14,-75.47,-3.53,,,
2022-01-26 23:15:48.759508,1643210148.759508,3870256.69,0.00,7547130.67,-135820.49,-5305.31,3676873.98,7099613.73,7140297.09,47330758.23,0.49,7547130.67,1339.0,352.07229615,365.0992205,471424.8,-606.01,-17443.05,,,,2.0,441.05999755,442.83497765,882.12,-75.47,-3.55,,,
2022-01-26 23:15:57.475497,1643210157.475497,3864078.11,0.00,7539742.15,-143209.00,-5305.31,3675664.04,7091533.25,7132279.51,47276888.33,0.49,7539742.15,1340.0,351.3659973,365.0896987,470830.44,-606.01,-18389.76,,,,3.0,440.35598755,442.3299851,1321.07,-75.47,-5.92,,,
2022-01-26 23:16:14.732869,1643210174.732869,3870247.37,0.00,7537364.55,-145494.68,-5446.67,3667117.18,7089844.74,7130528.36,47265631.61,0.49,7537364.55,1339.0,351.1354065,365.0896987,470170.31,-620.97,-18684.8,,,,2.0,440.1460266,442.3299851,880.29,-78.67,-4.37,,,
2022-01-26 23:18:32.539459,1643210312.539459,3870247.37,0.00,7538168.17,-144691.06,-5446.67,3667920.80,7090648.36,7131331.98,47270989.08,0.49,7538168.17,1339.0,351.2124634,365.0896987,470273.49,-620.97,-18581.62,,,,2.0,440.17001345,442.3299851,880.34,-78.67,-4.32,,,
2022-01-26 23:18:39.952743,1643210319.952743,3864039.46,0.00,7541422.60,-141387.22,-5446.63,3677383.14,7093213.70,7133959.96,47288091.34,0.49,7541422.60,1340.0,351.5299988,365.08031835,471050.2,-620.97,-18157.43,,,,3.0,440.70999145,442.1233234,1322.13,-78.67,-4.24,,,
2022-01-26 23:18:57.118238,1643210337.118238,3870195.28,0.00,7544125.38,-138556.25,-5574.83,3673930.10,7096608.45,7137291.80,47310722.97,0.49,7544125.38,1339.0,351.79000855,365.08031835,471046.82,-635.29,-17795.72,,,,2.0,440.9760437,442.1233234,881.95,-80.82,-2.29,,,
2022-01-26 23:21:14.621092,1643210474.621092,3870195.28,0.00,7546838.74,-135842.89,-5574.83,3676643.46,7099321.80,7140005.16,47328812.03,0.49,7546838.74,1339.0,352.0499878,365.08031835,471394.93,-635.29,-17447.61,,,,2.0,441.19000245,442.1233234,882.38,-80.82,-1.87,,,
2022-01-26 23:21:22.056927,1643210482.056927,3864029.40,0.00,7544704.07,-138026.96,-5574.87,3680674.67,7096492.29,7137238.82,47309948.61,0.49,7544704.07,1340.0,351.84173585,365.07118375,471467.93,-635.29,-17727.46,,,,3.0,441.39001465,442.20888225,1324.17,-80.82,-2.46,,,
2022-01-26 23:21:39.223860,1643210499.22386,3870187.44,0.00,7543770.94,-138833.48,-5701.49,3673583.50,7096251.13,7136934.75,47308340.85,0.49,7543770.94,1339.0,351.75405885,365.07118375,470998.68,-649.59,-17831.63,,,,2.0,441.2659912,442.20888225,882.53,-82.78,-1.89,,,
2022-01-26 23:23:56.760548,1643210636.760548,3870187.44,0.00,7546442.63,-136161.78,-5701.49,3676255.20,7098922.82,7139606.44,47326152.16,0.49,7546442.63,1339.0,352.01000975,365.07118375,471341.4,-649.59,-17488.91,,,,2.0,441.5,442.20888225,883.0,-82.78,-1.42,,,
2022-01-26 23:24:04.138639,1643210644.138639,3863980.23,0.00,7539488.20,-143066.81,-5701.45,3675507.97,7091279.30,7132025.56,47275195.32,0.49,7539488.20,1340.0,351.3500061,365.06175005,470809.01,-649.59,-18373.74,,,,3.0,440.8160095,442.0425882,1322.45,-82.78,-3.68,,,
2022-01-26 23:24:21.596919,1643210661.596919,3870127.09,0.00,7537440.14,-144978.48,-5837.83,3667313.05,7089923.21,7130606.57,47266154.73,0.49,7537440.14,1339.0,351.15597535,365.06175005,470197.85,-664.54,-18619.83,,,,2.0,440.4700012,442.0425882,880.94,-85.35,-3.15,,,
2022-01-26 23:26:39.333202,1643210799.333202,3870127.09,0.00,7535431.31,-146987.31,-5837.83,3665304.22,7087914.38,7128597.74,47252762.56,0.49,7535431.31,1339.0,350.96359255,365.06175005,469940.25,-664.54,-18877.43,,,,2.0,440.25,442.0425882,880.5,-85.35,-3.59,,,
2022-01-26 23:26:46.709969,1643210806.709969,3863956.76,0.00,7534638.87,-147779.76,-5837.83,3670682.11,7086429.97,7127176.23,47242866.45,0.49,7534638.87,1340.0,350.89001465,365.0519353,470192.62,-664.54,-18976.97,,,,3.0,439.6459961,441.59172545,1318.94,-85.35,-5.84,,,
2022-01-26 23:27:04.040549,1643210824.040549,3870098.64,0.00,7536401.88,-145878.97,-5975.61,3666303.23,7088884.95,7129568.30,47259232.97,0.49,7536401.88,1339.0,351.05999755,365.0519353,470069.34,-679.53,-18735.2,,,,2.0,439.8699951,441.59172545,879.74,-88.06,-3.44,,,
2022-01-26 23:29:21.576498,1643210961.576498,3870098.64,0.00,7535599.34,-146681.51,-5975.61,3665500.70,7088082.41,7128765.76,47253882.72,0.49,7535599.34,1339.0,350.9833069,365.0519353,469966.65,-679.53,-18837.89,,,,2.0,439.67001345,441.59172545,879.34,-88.06,-3.84,,,
2022-01-26 23:29:29.054342,1643210969.054342,3864310.25,0.00,7530331.56,-152689.46,-5976.19,3666021.31,7082079.48,7122829.67,47213863.17,0.49,7530331.56,1340.0,350.41104125,365.04179205,469550.8,-679.53,-19605.21,,,,3.0,438.8999939,441.02781695,1316.7,-88.06,-6.38,,,
2022-01-26 23:29:46.550432,1643210986.550432,3870442.53,0.00,7531832.20,-151045.30,-6119.71,3661389.68,7084272.15,7124959.43,47228481.02,0.49,7531832.20,1339.0,350.55599975,365.04179205,469394.48,-695.0,-19396.48,,,,2.0,439.05999755,441.02781695,878.12,-91.02,-3.94,,,
2022-01-26 23:32:04.149540,1643211124.14954,3870467.42,0.00,7532360.20,-150566.71,-6119.74,3661892.78,7084797.27,7125484.81,47231981.79,0.49,7532360.20,1339.0,350.6017761,365.04179205,469455.78,-695.0,-19335.18,,,,2.0,439.20999145,441.02781695,878.42,-91.02,-3.64,,,
2022-01-26 23:32:11.493806,1643211131.493806,3864148.44,0.00,7537143.92,-145487.02,-6119.51,3672995.48,7088906.22,7129655.10,47259374.81,0.49,7537143.92,1340.0,351.08999635,365.03214895,470460.6,-695.0,-18682.48,,,,3.0,439.269989,440.80854465,1317.81,-91.02,-4.62,,,
2022-01-26 23:32:28.882408,1643211148.882408,3870282.54,0.00,7535581.53,-146909.70,-6259.22,3665298.98,7088035.84,7128721.81,47253572.28,0.49,7535581.53,1339.0,350.94229125,365.03214895,469911.73,-710.17,-18866.32,,,,2.0,439.0499878,440.80854465,878.1,-93.8,-3.52,,,
2022-01-26 23:34:46.379256,1643211286.379256,3870282.54,0.00,7533597.50,-148893.73,-6259.22,3663314.95,7086051.81,7126737.78,47240345.42,0.49,7533597.50,1339.0,350.7522278,365.03214895,469657.23,-710.17,-19120.81,,,,2.0,438.87802125,440.80854465,877.76,-93.8,-3.86,,,
2022-01-26 23:34:53.676834,1643211293.676834,3864114.70,0.00,7537709.42,-144781.81,-6259.22,3673594.72,7089471.72,7130220.60,47263144.79,0.49,7537709.42,1340.0,351.1477051,365.02252045,470537.92,-710.17,-18592.25,,,,3.0,439.1499939,440.5723631,1317.45,-93.8,-4.27,,,
2022-01-26 23:35:10.965196,1643211310.965196,3870250.98,0.00,7536869.85,-145485.76,-6394.83,3666618.88,7089324.17,7130010.14,47262161.13,0.49,7536869.85,1339.0,351.0689392,365.02252045,470081.31,-725.15,-18683.85,,,,2.0,439.02597045,440.5723631,878.05,-96.23,-3.09,,,
2022-01-26 23:37:28.473797,1643211448.473797,3870250.98,0.00,7534387.26,-147968.36,-6394.83,3664136.28,7086841.57,7127527.54,47245610.48,0.49,7534387.26,1339.0,350.8311157,365.02252045,469762.86,-725.15,-19002.29,,,,2.0,438.80999755,440.5723631,877.62,-96.23,-3.52,,,
2022-01-26 23:37:35.835829,1643211455.835829,3864086.40,0.00,7535506.54,-146849.07,-6394.83,3671420.14,7087268.84,7128017.73,47248458.96,0.49,7535506.54,1340.0,350.9399109,365.01276485,470259.48,-725.15,-18857.62,,,,3.0,438.85998535,440.33490875,1316.58,-96.23,-4.42,,,
2022-01-26 23:37:53.166758,1643211473.166758,3870219.26,0.00,7535171.59,-147046.90,-6531.95,3664952.33,7087625.91,7128311.88,47250839.38,0.49,7535171.59,1339.0,350.90927125,365.01276485,469867.51,-740.29,-18884.58,,,,2.0,438.89401245,440.33490875,877.79,-98.71,-2.88,,,
2022-01-26 23:40:10.788603,1643211610.788603,3870219.26,0.00,7534136.76,-148081.74,-6531.95,3663917.50,7086591.07,7127277.04,47243940.48,0.49,7534136.76,1339.0,350.80999755,365.01276485,469734.59,-740.29,-19017.51,,,,2.0,438.89401245,440.33490875,877.79,-98.71,-2.88,,,
2022-01-26 23:40:18.241769,1643211618.241769,3864056.78,0.00,7532666.68,-149551.82,-6531.95,3668609.90,7084428.98,7125177.87,47229526.56,0.49,7532666.68,1340.0,350.67071535,365.0028598,469898.76,-740.29,-19205.07,,,,3.0,438.7799988,440.1566058,1316.34,-98.71,-4.13,,,
2022-01-26 23:40:35.518112,1643211635.518112,3870188.47,0.00,7533479.71,-148601.97,-6668.77,3663291.23,7085934.02,7126619.99,47239560.14,0.49,7533479.71,1339.0,350.75,365.0028598,469654.25,-755.54,-19084.58,,,,2.0,438.8460083,440.1566058,877.69,-101.03,-2.62,,,
2022-01-26 23:42:53.160280,1643211773.16028,3870163.58,0.00,7535023.83,-147008.45,-6668.73,3664860.24,7087481.02,7128166.73,47249873.46,0.49,7535023.83,1339.0,350.9024353,365.0028598,469858.36,-755.54,-18880.47,,,,2.0,439.0700073,440.1566058,878.14,-101.03,-2.17,,,
2022-01-26 23:43:00.586779,1643211780.586779,3864138.56,0.00,7532827.09,-149476.19,-6668.96,3668688.54,7084576.47,7125326.52,47230509.77,0.49,7532827.09,1340.0,350.6682434,364.9929099,469895.45,-755.54,-19195.05,,,,3.0,438.72003175,440.0144039,1316.16,-101.03,-3.88,,,
2022-01-26 23:43:17.897375,1643211797.897375,3870269.96,0.00,7533230.72,-148936.46,-6805.07,3662960.77,7085672.13,7126359.27,47237814.18,0.49,7533230.72,1339.0,350.70822145,364.9929099,469598.31,-770.86,-19127.2,,,,2.0,438.80740355,440.0144039,877.61,-103.2,-2.41,,,
2022-01-26 23:45:35.165000,1643211935.165,3870269.96,0.00,7532961.92,-149205.26,-6805.07,3662691.97,7085403.33,7126090.47,47236022.18,0.49,7532961.92,1339.0,350.68240355,364.9929099,469563.74,-770.86,-19161.77,,,,2.0,438.82998655,440.0144039,877.66,-103.2,-2.37,,,
2022-01-26 23:45:42.601645,1643211942.601645,3864061.02,0.00,7521630.45,-160413.46,-6804.96,3657569.43,7073387.02,7114136.42,47155913.45,0.49,7521630.45,1340.0,349.60998535,364.98219135,468477.38,-770.86,-20598.76,,,,3.0,437.8699951,439.6396026,1313.61,-103.2,-5.31,,,
2022-01-26 23:45:59.835750,1643211959.83575,3870174.42,0.00,7520006.16,-161886.74,-6955.97,3649831.75,7072454.75,7113141.24,47149698.33,0.49,7520006.16,1339.0,349.45599365,364.98219135,467921.58,-787.37,-20789.58,,,,2.0,437.7799988,439.6396026,875.56,-106.08,-3.72,,,
2022-01-26 23:48:17.443979,1643212097.443979,3870199.31,0.00,7523165.70,-158776.60,-6956.01,3652966.39,7075611.41,7116298.16,47170742.71,0.49,7523165.70,1339.0,349.7539978,364.98219135,468320.6,-787.37,-20390.55,,,,2.0,438.0700073,439.6396026,876.14,-106.08,-3.14,,,
2022-01-26 23:48:24.793417,1643212104.793417,3864030.47,0.00,7519500.85,-162392.05,-6955.97,3655470.38,7071257.42,7112006.82,47141716.13,0.49,7519500.85,1340.0,349.4092102,364.971324,468208.34,-787.37,-20853.23,,,,3.0,437.6799927,439.3364017,1313.04,-106.08,-4.97,,,
2022-01-26 23:48:42.099526,1643212122.099526,3870147.06,0.00,7521629.65,-160117.88,-7101.34,3651482.59,7074078.23,7114764.72,47160521.54,0.49,7521629.65,1339.0,349.61398315,364.971324,468133.12,-803.71,-20563.48,,,,2.0,438.026001,439.3364017,876.05,-108.41,-2.62,,,
2022-01-26 23:50:59.589763,1643212259.589763,3870147.06,0.00,7522381.08,-159366.45,-7101.34,3652234.02,7074829.67,7115516.16,47165531.10,0.49,7522381.08,1339.0,349.68600465,364.971324,468229.56,-803.71,-20467.04,,,,2.0,438.0660095,439.3364017,876.13,-108.41,-2.54,,,
2022-01-26 23:51:06.993078,1643212266.993078,3863944.15,0.00,7524463.87,-157185.33,-7101.25,3660519.72,7076226.17,7116975.06,47174841.17,0.49,7524463.87,1340.0,349.8959961,364.96083795,468860.63,-803.71,-20186.89,,,,3.0,438.44000245,439.3742678,1315.32,-108.41,-2.8,,,
2022-01-26 23:51:24.221022,1643212284.221022,3870063.46,0.00,7523024.77,-158481.65,-7244.03,3652961.30,7075479.08,7116165.05,47169860.55,0.49,7523024.77,1339.0,349.76000975,364.96083795,468328.65,-819.91,-20353.91,,,,2.0,438.230011,439.3742678,876.46,-110.55,-2.29,,,
2022-01-26 23:53:41.653002,1643212421.653002,3870063.46,0.00,7523275.83,-158230.59,-7244.03,3653212.37,7075730.14,7116416.11,47171534.28,0.49,7523275.83,1339.0,349.7839966,364.96083795,468360.77,-819.91,-20321.79,,,,2.0,438.2945862,439.3742678,876.59,-110.55,-2.16,,,
2022-01-26 23:53:49.335091,1643212429.335091,3863911.58,0.00,7523574.05,-157932.37,-7244.03,3659662.47,7075336.35,7116085.23,47168909.02,0.49,7523574.05,1340.0,349.81399535,364.95027765,468750.75,-819.91,-20282.62,,,,3.0,438.36398315,439.3728452,1315.09,-110.55,-3.03,,,
2022-01-26 23:54:06.726419,1643212446.726419,3870031.66,0.00,7523891.27,-157473.24,-7385.94,3653859.60,7076345.58,7117031.55,47175637.21,0.49,7523891.27,1339.0,349.8460083,364.95027765,468443.81,-836.09,-20224.62,,,,2.0,438.3450012,439.3728452,876.69,-112.6,-2.06,,,
2022-01-26 23:56:24.245193,1643212584.245193,3870031.66,0.00,7525122.61,-156241.91,-7385.94,3655090.94,7077576.92,7118262.89,47183846.13,0.49,7525122.61,1339.0,349.9640198,364.95027765,468601.82,-836.09,-20066.6,,,,2.0,438.4160156,439.3728452,876.83,-112.6,-1.91,,,
2022-01-26 23:56:31.628065,1643212591.628065,3863868.96,0.00,7531161.00,-150203.51,-7385.94,3667292.05,7082923.31,7123672.19,47219488.71,0.49,7531161.00,1340.0,350.54400635,364.94029235,469728.97,-836.09,-19291.02,,,,3.0,438.9529419,439.5818968,1316.86,-112.6,-1.89,,,
2022-01-26 23:56:49.091291,1643212609.091291,3869999.48,0.00,7530644.58,-150586.91,-7518.96,3660645.10,7083098.89,7123784.86,47220659.26,0.49,7530644.58,1339.0,350.4960022,364.94029235,469314.15,-851.5,-19340.9,,,,2.0,438.95599365,439.5818968,877.91,-114.27,-1.25,,,
2022-01-26 23:59:06.618796,1643212746.618796,3869999.48,0.00,7530476.63,-150754.86,-7518.96,3660477.15,7082930.94,7123616.91,47219539.61,0.49,7530476.63,1339.0,350.480011,364.94029235,469292.73,-851.5,-19362.32,,,,2.0,438.8760071,439.5818968,877.75,-114.27,-1.41,,,
2022-01-26 23:59:13.983579,1643212753.983579,3863784.11,0.00,7533808.74,-147323.95,-7518.86,3670024.63,7085576.81,7126325.16,47237178.71,0.49,7533808.74,1340.0,350.80999755,364.930419,470085.4,-851.5,-18921.36,,,,3.0,439.16000365,439.80126455,1317.48,-114.27,-1.92,,,
2022-01-26 23:59:31.291511,1643212771.291511,3869945.67,0.00,7535201.34,-145852.33,-7647.34,3665255.66,7087658.53,7128344.24,47251056.86,0.49,7535201.34,1339.0,350.94000245,364.930419,469908.66,-866.51,-18733.17,,,,2.0,439.31399535,439.80126455,878.63,-115.76,-0.97,,,
2022-01-27 00:01:49.202188,1643212909.202188,3869945.67,0.00,7534115.36,-146938.30,-7647.34,3664169.69,7086572.55,7127258.26,47243817.02,0.49,7534115.36,1339.0,350.83599855,364.930419,469769.4,-866.51,-18872.43,,,,2.0,439.2000122,439.80126455,878.4,-115.76,-1.2,,,
2022-01-27 00:01:56.852816,1643212916.852816,3864021.27,0.00,7529425.19,-152097.04,-7647.81,3665403.92,7081163.03,7121914.14,47207753.55,0.49,7529425.19,1340.0,350.34402465,364.9202769,469460.99,-866.51,-19532.18,,,,3.0,438.8739929,439.83417635,1316.62,-115.76,-2.88,,,
2022-01-27 00:02:14.033276,1643212934.033276,3870137.62,0.00,7529822.49,-151538.02,-7784.57,3659684.87,7082253.83,7122941.89,47215025.54,0.49,7529822.49,1339.0,350.38601685,364.9202769,469166.88,-882.13,-19461.37,,,,2.0,438.85998535,439.83417635,877.72,-117.7,-1.95,,,
2022-01-27 00:04:31.612461,1643213071.612461,3870112.97,0.00,7529024.69,-152286.89,-7784.52,3658911.72,7081458.88,7122146.68,47209725.89,0.49,7529024.69,1339.0,350.31399535,364.9202769,469070.44,-882.13,-19557.81,,,,2.0,438.92401125,439.83417635,877.85,-117.7,-1.82,,,
2022-01-27 00:04:38.996076,1643213078.996076,3863846.07,0.00,7525304.53,-155785.00,-7784.29,3661458.46,7077059.64,7117809.18,47180397.63,0.49,7525304.53,1340.0,349.980011,364.9098737,468973.21,-882.13,-20006.02,,,,3.0,438.58999635,439.75278425,1315.77,-117.7,-3.49,,,
2022-01-27 00:04:56.248672,1643213096.248672,3869969.69,0.00,7525264.30,-155684.11,-7925.42,3655294.61,7077711.43,7118398.06,47184742.88,0.49,7525264.30,1339.0,349.97769165,364.9098737,468620.13,-898.11,-19994.19,,,,2.0,438.57598875,439.75278425,877.15,-119.86,-2.35,,,
2022-01-27 00:07:14.007128,1643213234.007128,3869969.69,0.00,7526146.68,-154801.73,-7925.42,3656176.99,7078593.81,7119280.43,47190625.39,0.49,7526146.68,1339.0,350.06210325,364.9098737,468733.16,-898.11,-19881.16,,,,2.0,438.730011,439.75278425,877.46,-119.86,-2.05,,,
2022-01-27 00:07:21.465968,1643213241.465968,3863803.53,0.00,7531515.37,-149433.03,-7925.42,3667711.84,7083270.48,7124020.02,47221803.23,0.49,7531515.37,1340.0,350.57754515,364.89992605,469773.91,-898.11,-19191.99,,,,3.0,439.42599485,439.9751895,1318.28,-119.86,-1.65,,,
2022-01-27 00:07:38.838435,1643213258.838435,3869937.89,0.00,7531835.50,-148980.87,-8057.46,3661897.61,7084282.63,7124969.25,47228550.87,0.49,7531835.50,1339.0,350.60998535,364.89992605,469466.77,-913.51,-19134.23,,,,2.0,439.30999755,439.9751895,878.62,-121.42,-1.33,,,
2022-01-27 00:09:56.527614,1643213396.527614,3869937.89,0.00,7532337.16,-148479.21,-8057.46,3662399.27,7084784.29,7125470.92,47231895.28,0.49,7532337.16,1339.0,350.65789795,364.89992605,469530.93,-913.51,-19070.08,,,,2.0,439.4500122,439.9751895,878.9,-121.42,-1.05,,,
2022-01-27 00:10:03.978605,1643213403.978605,3863751.33,0.00,7536450.12,-144341.32,-8057.43,3672698.79,7088206.68,7128956.08,47254711.20,0.49,7536450.12,1340.0,351.055542,364.890344,470414.43,-913.51,-18538.63,,,,3.0,439.94400025,440.30012635,1319.83,-121.42,-1.07,,,
2022-01-27 00:10:21.482996,1643213421.482996,3869893.45,0.00,7536248.73,-144415.99,-8184.14,3666355.28,7088697.32,7129383.81,47257982.13,0.49,7536248.73,1339.0,351.03778075,364.890344,470039.59,-928.42,-18548.58,,,,2.0,439.94400025,440.3001263,879.89,-122.78,-0.71,,,
2022-01-27 00:12:38.958745,1643213558.958745,3869893.45,0.00,7536039.96,-144624.76,-8184.14,3666146.51,7088488.55,7129175.04,47256590.34,0.49,7536039.96,1339.0,351.0177307,364.890344,470012.74,-928.42,-18575.43,,,,2.0,439.95999145,440.3001263,879.92,-122.78,-0.68,,,
2022-01-27 00:12:46.361569,1643213566.361569,3863712.91,0.00,7541015.63,-139649.10,-8184.14,3677302.72,7092772.19,7133521.60,47285147.96,0.49,7541015.63,1340.0,351.4960022,364.8810975,471004.64,-928.42,-17936.03,,,,3.0,440.3200073,440.6500842,1320.96,-122.78,-0.99,,,
2022-01-27 00:13:03.592595,1643213583.592595,3869862.43,0.00,7541424.89,-139117.87,-8306.11,3671562.46,7093873.48,7134559.97,47292489.85,0.49,7541424.89,1339.0,351.5366516,364.8810975,470707.58,-942.78,-17868.21,,,,2.0,440.36398315,440.6500842,880.73,-124.08,-0.57,,,
2022-01-27 00:15:21.040427,1643213721.040427,3869862.43,0.00,7541643.54,-138899.22,-8306.11,3671781.11,7094092.13,7134778.62,47293947.51,0.49,7541643.54,1339.0,351.55758665,364.8810975,470735.61,-942.78,-17840.18,,,,2.0,440.39001465,440.6500842,880.78,-124.08,-0.52,,,
2022-01-27 00:15:28.395336,1643213728.395336,3863682.20,0.00,7540859.19,-139683.57,-8306.11,3677176.99,7092615.76,7133365.16,47284105.03,0.49,7540859.19,1340.0,351.4840088,364.87185785,470988.57,-942.78,-17939.72,,,,3.0,440.29400635,440.87005615,1320.88,-124.08,-1.73,,,
2022-01-27 00:15:45.809651,1643213745.809651,3869829.46,0.00,7539986.30,-140430.60,-8431.97,3670156.84,7092434.89,7133121.38,47282899.27,0.49,7539986.30,1339.0,351.40203855,364.87185785,470527.33,-957.31,-18036.09,,,,2.0,440.2160034,440.87005615,880.43,-125.72,-1.31,,,
2022-01-27 00:18:03.325351,1643213883.325351,3869829.46,0.00,7539943.72,-140473.18,-8431.97,3670114.25,7092392.30,7133078.79,47282615.34,0.49,7539943.72,1339.0,351.39785765,364.87185785,470521.73,-957.31,-18041.69,,,,2.0,440.2799988,440.87005615,880.56,-125.72,-1.18,,,
2022-01-27 00:18:10.795674,1643213890.795674,3863652.35,0.00,7540080.50,-140336.40,-8431.97,3676428.15,7091837.07,7132586.47,47278913.78,0.49,7540080.50,1340.0,351.41293335,364.8625654,470893.33,-957.31,-18022.51,,,,3.0,439.980011,440.91003745,1319.94,-125.72,-2.79,,,
2022-01-27 00:18:28.234852,1643213908.234852,3869802.80,0.00,7542859.97,-137434.02,-8554.88,3673057.17,7095308.56,7135995.05,47302057.07,0.49,7542859.97,1339.0,351.6799927,364.8625654,470899.51,-971.49,-17651.46,,,,2.0,440.39001465,440.91003745,880.78,-127.33,-1.04,,,
2022-01-27 00:20:45.865301,1643214045.865301,3869802.80,0.00,7541476.48,-138817.51,-8554.88,3671673.67,7093925.06,7134611.56,47292833.76,0.49,7541476.48,1339.0,351.5474243,364.8625654,470722.0,-971.49,-17828.97,,,,2.0,440.29397585,440.91003745,880.59,-127.33,-1.23,,,
2022-01-27 00:20:53.244525,1643214053.244525,3863623.67,0.00,7541486.79,-138807.20,-8554.88,3677863.12,7093243.36,7133992.76,47288289.04,0.49,7541486.79,1340.0,351.5499878,364.85330975,471076.98,-971.49,-17826.45,,,,3.0,440.2000122,441.01002495,1320.6,-127.33,-2.43,,,
2022-01-27 00:21:10.597621,1643214070.597621,3869776.61,0.00,7544044.22,-136128.65,-8676.00,3674267.61,7096492.80,7137179.29,47309952.01,0.49,7544044.22,1339.0,351.79599,364.85330975,471054.83,-985.5,-17483.75,,,,2.0,440.4660034,441.01002495,880.93,-128.88,-1.09,,,
2022-01-27 00:23:28.133767,1643214208.133767,3869776.61,0.00,7545339.01,-134833.86,-8676.00,3675562.40,7097787.59,7138474.08,47318583.95,0.49,7545339.01,1339.0,351.92001345,364.85330975,471220.9,-985.5,-17317.68,,,,2.0,440.58599855,441.01002495,881.17,-128.88,-0.85,,,
2022-01-27 00:23:35.664532,1643214215.664532,3863587.98,0.00,7546766.20,-133406.67,-8676.00,3683178.22,7098522.76,7139272.17,47323485.08,0.49,7546766.20,1340.0,352.05810545,364.8445237,471757.86,-985.5,-17133.8,,,,3.0,440.8039856,441.2766833,1322.41,-128.88,-1.42,,,
2022-01-27 00:23:53.005132,1643214233.005132,3869708.93,0.00,7547451.61,-132529.49,-8793.83,3677742.68,7099904.50,7140590.60,47332696.65,0.49,7547451.61,1339.0,352.1321106,364.8445237,471504.9,-999.23,-17021.92,,,,2.0,440.8800049,441.2766833,881.76,-130.29,-0.79,,,
2022-01-27 00:26:10.470253,1643214370.470253,3869572.17,0.00,7546309.12,-133400.57,-8793.52,3676736.95,7098777.83,7139462.49,47325185.53,0.49,7546309.12,1339.0,352.0482788,364.8445237,471392.65,-999.23,-17134.17,,,,2.0,440.76000975,441.2766833,881.52,-130.29,-1.03,,,
2022-01-27 00:26:17.843237,1643214377.843237,3863434.13,0.00,7545543.87,-134264.61,-8793.64,3682109.74,7097314.82,7138062.91,47315432.11,0.49,7545543.87,1340.0,351.9670105,364.83567705,471635.79,-999.23,-17244.01,,,,3.0,440.80599975,441.45778885,1322.42,-130.29,-1.96,,,
2022-01-27 00:26:34.876817,1643214394.876817,3869590.92,0.00,7545832.02,-133856.03,-8914.06,3676241.09,7098294.97,7138980.15,47321966.45,0.49,7545832.02,1339.0,351.9960022,364.83567705,471322.65,-1013.07,-17192.32,,,,2.0,440.8760071,441.45778885,881.75,-131.92,-1.16,,,
2022-01-27 00:28:52.444667,1643214532.444667,3869590.92,0.00,7545497.65,-134190.41,-8914.06,3675906.72,7097960.60,7138645.78,47319737.30,0.49,7545497.65,1339.0,351.96398925,364.83567705,471279.78,-1013.07,-17235.19,,,,2.0,440.8340149,441.45778885,881.67,-131.92,-1.25,,,
2022-01-27 00:28:59.885920,1643214539.88592,3863426.09,0.00,7546948.45,-132788.99,-8914.11,3683522.37,7098716.52,7139464.88,47324776.81,0.49,7546948.45,1340.0,352.1000061,364.82692655,471814.01,-1013.07,-17054.07,,,,3.0,440.8699951,441.6185259,1322.61,-131.92,-2.25,,,
2022-01-27 00:29:17.462530,1643214557.46253,3869558.12,0.00,7546596.06,-132970.47,-9035.58,3677037.94,7099059.01,7139744.19,47327060.05,0.49,7546596.06,1339.0,352.0725708,364.82692655,471425.17,-1026.89,-17078.08,,,,2.0,440.79000855,441.6185259,881.58,-133.71,-1.66,,,
2022-01-27 00:31:35.197395,1643214695.197395,3869558.12,0.00,7546298.44,-133268.08,-9035.58,3676740.33,7098761.39,7139446.58,47325075.95,0.49,7546298.44,1339.0,352.04400635,364.82692655,471386.92,-1026.89,-17116.33,,,,2.0,440.7999878,441.6185259,881.6,-133.71,-1.64,,,
2022-01-27 00:31:42.986135,1643214702.986135,3863389.46,0.00,7550568.82,-129047.10,-9035.64,3687179.35,7102336.88,7143085.24,47348912.56,0.49,7550568.82,1340.0,352.4500122,364.81845125,472283.02,-1026.89,-16573.71,,,,3.0,441.10998535,441.7690173,1323.33,-133.71,-1.98,,,
2022-01-27 00:32:00.452240,1643214720.45224,3869552.45,0.00,7550888.88,-128610.48,-9152.20,3681336.43,7103348.95,7144034.39,47355659.65,0.49,7550888.88,1339.0,352.4820862,364.81845125,471973.51,-1040.24,-16518.39,,,,2.0,441.16400145,441.7690173,882.33,-135.33,-1.21,,,
2022-01-27 00:34:18.012144,1643214858.012144,3869527.56,0.00,7549670.14,-129779.82,-9152.14,3680142.58,7102133.09,7142818.28,47347553.94,0.49,7549670.14,1339.0,352.3699951,364.81845125,471823.42,-1040.24,-16668.48,,,,2.0,441.05599975,441.7690173,882.11,-135.33,-1.43,,,
2022-01-27 00:34:25.411889,1643214865.411889,3863367.55,0.00,7544989.55,-134509.80,-9152.20,3681622.00,7096757.62,7137505.98,47311717.48,0.49,7544989.55,1340.0,351.9187317,364.8095867,471571.1,-1040.24,-17273.75,,,,3.0,440.473999,441.6760115,1321.42,-135.33,-3.61,,,
2022-01-27 00:34:43.100324,1643214883.100324,3869523.92,0.00,7546974.44,-132402.53,-9274.59,3677450.52,7099434.51,7140119.96,47329563.41,0.49,7546974.44,1339.0,352.10998535,364.8095867,471475.27,-1054.0,-17004.77,,,,2.0,440.71936035,441.6760115,881.44,-137.29,-1.91,,,
2022-01-27 00:37:00.829905,1643215020.829905,3869523.92,0.00,7547496.74,-131880.23,-9274.59,3677972.82,7099956.81,7140642.26,47333045.41,0.49,7547496.74,1339.0,352.16000365,364.8095867,471542.24,-1054.0,-16937.79,,,,2.0,440.776001,441.6760115,881.55,-137.29,-1.8,,,
2022-01-27 00:37:08.224344,1643215028.224344,3863340.27,0.00,7544097.58,-135279.39,-9274.59,3680757.31,7095865.65,7136614.01,47305771.01,0.49,7544097.58,1340.0,351.83599855,364.8006691,471460.24,-1054.0,-17372.66,,,,3.0,440.40597535,441.587341,1321.22,-137.29,-3.54,,,
2022-01-27 00:37:25.688465,1643215045.688465,3869493.14,0.00,7544500.25,-134751.59,-9399.71,3675007.11,7096960.32,7137645.77,47313068.80,0.49,7544500.25,1339.0,351.8760071,364.8006691,471161.97,-1067.92,-17306.12,,,,2.0,440.44400025,441.587341,880.89,-139.44,-2.29,,,
2022-01-27 00:39:43.201810,1643215183.20181,3869493.14,0.00,7544499.88,-134751.96,-9399.71,3675006.74,7096959.95,7137645.40,47313066.31,0.49,7544499.88,1339.0,351.8760071,364.8006691,471161.97,-1067.92,-17306.12,,,,2.0,440.42001345,441.587341,880.84,-139.44,-2.33,,,
2022-01-27 00:39:50.618612,1643215190.618612,3863306.60,0.00,7545613.01,-133638.83,-9399.71,3682306.40,7097381.08,7138129.43,47315873.84,0.49,7545613.01,1340.0,351.9840088,364.79186265,471658.57,-1067.92,-17162.52,,,,3.0,440.6199951,441.604894,1321.86,-139.44,-2.95,,,
2022-01-27 00:40:08.054045,1643215208.054045,3869463.36,0.00,7547331.37,-131799.17,-9521.02,3677868.01,7099791.44,7140476.89,47331942.93,0.49,7547331.37,1339.0,352.1499939,364.79186265,471528.84,-1081.64,-16927.46,,,,2.0,440.7460022,441.604894,881.49,-141.31,-1.72,,,
2022-01-27 00:42:25.802382,1643215345.802382,3869463.36,0.00,7547644.00,-131486.54,-9521.02,3678180.64,7100104.07,7140789.52,47334027.13,0.49,7547644.00,1339.0,352.1799927,364.79186265,471569.01,-1081.64,-16887.29,,,,2.0,440.73999025,441.604894,881.48,-141.31,-1.73,,,
2022-01-27 00:42:33.223677,1643215353.223677,3863215.77,0.00,7553170.21,-125861.55,-9520.90,3689954.44,7104944.05,7145691.88,47366293.65,0.49,7553170.21,1340.0,352.7200012,364.78360755,472644.8,-1081.64,-16165.23,,,,3.0,441.36398315,441.85992935,1324.09,-141.31,-1.49,,,
2022-01-27 00:42:50.573861,1643215370.573861,3869404.97,0.00,7552177.64,-126787.92,-9636.55,3682772.67,7104640.58,7145325.77,47364270.57,0.49,7552177.64,1339.0,352.6220703,364.78360755,472160.95,-1094.8,-16284.3,,,,2.0,441.20602415,441.85992935,882.41,-142.99,-1.31,,,
2022-01-27 00:45:08.297741,1643215508.297741,3869380.08,0.00,7551940.84,-126975.33,-9636.49,3682560.76,7104406.67,7145091.59,47362711.11,0.49,7551940.84,1339.0,352.6040039,364.78360755,472136.76,-1094.8,-16308.49,,,,2.0,441.21273805,441.85992935,882.43,-142.99,-1.29,,,
2022-01-27 00:45:15.711436,1643215515.711436,3863033.36,0.00,7553638.93,-124981.41,-9636.12,3690605.57,7105430.03,7146176.30,47369533.55,0.49,7553638.93,1340.0,352.79599,364.7754108,472746.63,-1094.8,-16052.42,,,,3.0,441.3894043,442.0099529,1324.17,-142.99,-1.86,,,
2022-01-27 00:45:33.116968,1643215533.116968,3869110.53,0.00,7551716.53,-126614.59,-9752.51,3682606.00,7104209.66,7144892.10,47361397.72,0.49,7551716.53,1339.0,352.6300049,364.7754108,472171.58,-1107.9,-16262.7,,,,2.0,441.14001465,442.0099529,882.28,-144.87,-1.74,,,
2022-01-27 00:47:50.686240,1643215670.68624,3869122.85,0.00,7551095.21,-127260.37,-9752.55,3681972.36,7103586.91,7144269.48,47357246.07,0.49,7551095.21,1339.0,352.56811525,364.7754108,472088.71,-1107.9,-16345.57,,,,2.0,441.1239929,442.0099529,882.25,-144.87,-1.77,,,
2022-01-27 00:47:58.082704,1643215678.082704,3862969.24,0.00,7548980.09,-129449.79,-9752.64,3686010.85,7100775.50,7141521.37,47338503.35,0.49,7548980.09,1340.0,352.35998535,364.7668993,472162.38,-1107.9,-16625.26,,,,3.0,440.92001345,441.97330195,1322.76,-144.87,-3.16,,,
2022-01-27 00:48:15.606514,1643215695.606514,3869141.13,0.00,7549030.13,-129303.44,-9873.45,3679888.99,7101516.07,7142199.17,47343440.49,0.49,7549030.13,1339.0,352.36398315,364.7668993,471815.37,-1121.34,-16607.5,,,,2.0,440.94000245,441.9733019,881.88,-146.95,-2.07,,,
2022-01-27 00:50:33.283748,1643215833.283748,3869141.13,0.00,7548930.33,-129403.23,-9873.45,3679789.20,7101416.28,7142099.37,47342775.19,0.49,7548930.33,1339.0,352.35440065,364.7668993,471802.54,-1121.34,-16620.34,,,,2.0,440.9460144,441.9733019,881.89,-146.95,-2.05,,,
2022-01-27 00:50:40.752553,1643215840.752553,3862956.52,0.00,7545254.19,-133079.37,-9873.45,3682297.67,7097048.18,7137794.18,47313654.52,0.49,7545254.19,1340.0,352.0039978,364.75811805,471685.36,-1121.34,-17090.52,,,,3.0,440.4339905,441.7955346,1321.3,-146.95,-4.08,,,
2022-01-27 00:50:58.297449,1643215858.297449,3869109.65,0.00,7545362.67,-132845.10,-9999.24,3676253.02,7097848.62,7138531.71,47318990.77,0.49,7545362.67,1339.0,352.0159912,364.75811805,471349.41,-1135.09,-17061.71,,,,2.0,440.39260865,441.7955346,880.79,-149.35,-2.81,,,
2022-01-27 00:53:15.910382,1643215995.910382,3869109.65,0.00,7541646.23,-136561.55,-9999.24,3672536.58,7094132.17,7134815.27,47294214.50,0.49,7541646.23,1339.0,351.66000365,364.75811805,470872.74,-1135.09,-17538.38,,,,2.0,440.0299988,441.7955346,880.06,-149.35,-3.53,,,
2022-01-27 00:53:23.352882,1643216003.352882,3862876.90,0.00,7544830.85,-133278.16,-9999.11,3681953.95,7096630.60,7137376.08,47310870.67,0.49,7544830.85,1340.0,351.9760132,364.74933585,471647.86,-1135.09,-17116.25,,,,3.0,440.24398805,441.61368975,1320.73,-149.35,-4.11,,,
2022-01-27 00:53:40.881190,1643216020.88119,3869028.87,0.00,7544952.01,-133031.61,-10124.50,3675923.15,7097443.71,7138126.29,47316291.43,0.49,7544952.01,1339.0,351.9890747,364.74933585,471313.37,-1148.86,-17085.99,,,,2.0,440.26330565,441.61368975,880.53,-151.69,-2.7,,,
2022-01-27 00:55:58.347252,1643216158.347252,3869028.87,0.00,7546213.71,-131769.91,-10124.50,3677184.84,7098705.41,7139387.98,47324702.74,0.49,7546213.71,1339.0,352.10998535,364.74933585,471475.27,-1148.86,-16924.09,,,,2.0,440.3497925,441.61368975,880.7,-151.69,-2.53,,,
2022-01-27 00:56:05.749373,1643216165.749373,3862889.58,0.00,7548801.30,-129281.08,-10124.63,3685911.72,7100595.28,7141341.28,47337301.89,0.49,7548801.30,1340.0,352.3500061,364.7408289,472149.01,-1148.86,-16603.7,,,,3.0,440.6300049,441.6291265,1321.89,-151.69,-3.0,,,
2022-01-27 00:56:23.133264,1643216183.133264,3869047.30,0.00,7548431.12,-129531.50,-10244.39,3679383.81,7100917.06,7141600.16,47339447.09,0.49,7548431.12,1339.0,352.3160095,364.7408289,471751.14,-1162.23,-16636.83,,,,2.0,440.6121216,441.6291265,881.22,-153.7,-2.03,,,
2022-01-27 00:58:40.930960,1643216320.93096,3869022.42,0.00,7547274.99,-130638.25,-10244.33,3678252.57,7099763.81,7140446.65,47331758.75,0.49,7547274.99,1339.0,352.20999145,364.7408289,471609.18,-1162.23,-16778.79,,,,2.0,440.45401,441.6291265,880.91,-153.7,-2.35,,,
2022-01-27 00:58:48.337591,1643216328.337591,3862932.24,0.00,7548563.79,-129546.97,-10244.59,3685631.55,7100349.12,7141095.91,47335660.81,0.49,7548563.79,1340.0,352.3160095,364.73229095,472103.45,-1162.23,-16637.82,,,,3.0,440.7739868,441.67941765,1322.32,-153.7,-2.72,,,
2022-01-27 00:59:05.912957,1643216345.912957,3869091.01,0.00,7548340.21,-129651.39,-10363.75,3679249.20,7100817.52,7141501.41,47338783.50,0.49,7548340.21,1339.0,352.29599,364.73229095,471724.33,-1175.66,-16652.21,,,,2.0,440.80999755,441.67941765,881.62,-155.58,-1.74,,,
2022-01-27 01:01:23.688615,1643216483.688615,3869091.01,0.00,7551032.96,-126958.64,-10363.75,3681941.94,7103510.27,7144194.15,47356735.15,0.49,7551032.96,1339.0,352.5539856,364.73229095,472069.79,-1175.66,-16306.75,,,,2.0,441.026001,441.67941765,882.05,-155.58,-1.31,,,
2022-01-27 01:01:31.152659,1643216491.152659,3862821.32,0.00,7551666.19,-126177.27,-10363.55,3688844.88,7103460.18,7144206.18,47356401.19,0.49,7551666.19,1340.0,352.6300049,364.7239982,472524.21,-1175.66,-16205.95,,,,3.0,441.1560364,441.8396118,1323.47,-155.58,-2.05,,,
2022-01-27 01:01:48.445009,1643216508.445009,3868983.71,0.00,7550876.52,-126850.34,-10480.15,3681892.80,7103362.46,7144045.56,47355749.76,0.49,7550876.52,1339.0,352.55599975,364.7239982,472072.48,-1188.88,-16292.95,,,,2.0,441.0840149,441.8396118,882.17,-157.34,-1.51,,,
2022-01-27 01:04:06.003521,1643216646.003521,3868983.71,0.00,7550876.24,-126850.62,-10480.15,3681892.52,7103362.18,7144045.28,47355747.89,0.49,7550876.24,1339.0,352.55599975,364.7239982,472072.48,-1188.88,-16292.95,,,,2.0,441.0660095,441.8396118,882.13,-157.34,-1.55,,,
2022-01-27 01:04:13.495350,1643216653.49535,3862793.88,0.00,7548645.92,-129080.94,-10480.15,3685852.04,7100439.91,7141185.91,47336266.03,0.49,7548645.92,1340.0,352.34399415,364.7155027,472140.95,-1188.88,-16577.82,,,,3.0,440.76000975,441.81640785,1322.28,-157.34,-3.17,,,
2022-01-27 01:04:30.923859,1643216670.923859,3868954.56,0.00,7549990.11,-127618.69,-10598.22,3681035.54,7102476.05,7143159.15,47349840.35,0.49,7549990.11,1339.0,352.473999,364.7155027,471962.68,-1202.13,-16391.37,,,,2.0,440.92401125,441.81640785,881.85,-159.25,-1.78,,,
2022-01-27 01:06:48.693382,1643216808.693382,3868954.56,0.00,7549216.53,-128392.26,-10598.22,3680261.97,7101702.48,7142385.57,47344683.19,0.49,7549216.53,1339.0,352.3999939,364.7155027,471863.59,-1202.13,-16490.47,,,,2.0,440.78601075,441.81640785,881.57,-159.25,-2.06,,,
2022-01-27 01:06:56.199631,1643216816.199631,3862765.04,0.00,7549240.49,-128368.31,-10598.22,3686475.44,7101034.47,7141780.47,47340229.80,0.49,7549240.49,1340.0,352.4039917,364.70706575,472221.35,-1202.13,-16486.12,,,,3.0,440.6540222,441.7642719,1321.96,-159.25,-3.33,,,
2022-01-27 01:07:13.728623,1643216833.728623,3868925.80,0.00,7550918.84,-126572.43,-10715.74,3681993.04,7103404.79,7144087.88,47356031.91,0.49,7550918.84,1339.0,352.5660095,364.70706575,472085.89,-1215.26,-16256.87,,,,2.0,440.8200073,441.7642719,881.64,-161.22,-1.89,,,
2022-01-27 01:09:31.494596,1643216971.494596,3868925.80,0.00,7550203.72,-127287.55,-10715.74,3681277.92,7102689.67,7143372.76,47351264.44,0.49,7550203.72,1339.0,352.497406,364.70706575,471994.03,-1215.26,-16348.73,,,,2.0,440.8200073,441.7642719,881.64,-161.22,-1.89,,,
2022-01-27 01:09:38.921964,1643216978.921964,3862733.48,0.00,7550245.64,-127245.64,-10715.74,3687512.16,7102039.62,7142785.62,47346930.82,0.49,7550245.64,1340.0,352.5027771,364.69870975,472353.72,-1215.26,-16342.55,,,,3.0,440.92001345,441.81618125,1322.76,-161.22,-2.69,,,
2022-01-27 01:09:56.300895,1643216996.300895,3868895.18,0.00,7551077.23,-126297.12,-10832.66,3682182.05,7103563.18,7144246.27,47357087.85,0.49,7551077.23,1339.0,352.5839844,364.69870975,472109.96,-1228.38,-16221.62,,,,2.0,440.92599485,441.81618125,881.85,-163.12,-1.78,,,
2022-01-27 01:12:14.316093,1643217134.316093,3868895.18,0.00,7550764.28,-126610.08,-10832.66,3681869.10,7103250.22,7143933.32,47355001.48,0.49,7550764.28,1339.0,352.5539856,364.69870975,472069.79,-1228.38,-16261.79,,,,2.0,440.91000365,441.81618125,881.82,-163.12,-1.81,,,
2022-01-27 01:12:21.743131,1643217141.743131,3862696.86,0.00,7554935.44,-122438.91,-10832.66,3692238.58,7106729.42,7147475.42,47378196.16,0.49,7554935.44,1340.0,352.9552002,364.69069575,472959.97,-1228.38,-15725.56,,,,3.0,441.21398925,441.9574542,1323.64,-163.12,-2.23,,,
2022-01-27 01:12:39.543988,1643217159.543988,3868865.64,0.00,7556391.04,-120872.43,-10943.53,3687525.41,7108876.99,7149560.09,47392513.27,0.49,7556391.04,1339.0,353.0960083,364.69069575,472795.56,-1240.98,-15525.29,,,,2.0,441.31399535,441.9574542,882.63,-164.76,-1.29,,,
2022-01-27 01:14:57.256288,1643217297.256288,3868865.64,0.00,7556265.86,-120997.61,-10943.53,3687400.23,7108751.81,7149434.91,47391678.73,0.49,7556265.86,1339.0,353.0839844,364.69069575,472779.46,-1240.98,-15541.39,,,,2.0,441.32400515,441.9574542,882.65,-164.76,-1.27,,,
2022-01-27 01:15:04.649835,1643217304.649835,3862690.37,0.00,7555570.04,-121742.81,-10943.60,3692879.67,7107361.14,7148107.41,47382407.63,0.49,7555570.04,1340.0,353.01400755,364.68276985,473038.77,-1240.98,-15636.14,,,,3.0,441.3800049,442.0916361,1324.14,-164.76,-2.13,,,
2022-01-27 01:15:22.194938,1643217322.194938,3868882.67,0.00,7555037.13,-122211.84,-11056.94,3686154.46,7107517.32,7148200.94,47383448.80,0.49,7555037.13,1339.0,352.95999145,364.68276985,472613.43,-1253.71,-15696.8,,,,2.0,441.2799988,442.0916361,882.56,-166.58,-1.62,,,
2022-01-27 01:17:39.920803,1643217459.920803,3868882.67,0.00,7556247.76,-121001.21,-11056.94,3687365.09,7108727.95,7149411.57,47391519.66,0.49,7556247.76,1339.0,353.07598875,364.68276985,472768.75,-1253.71,-15541.48,,,,2.0,441.3739929,442.0916361,882.75,-166.58,-1.44,,,
2022-01-27 01:17:47.400834,1643217467.400834,3862679.68,0.00,7559026.74,-118222.23,-11056.94,3696347.06,7110814.96,7151561.48,47405433.06,0.49,7559026.74,1340.0,353.34399415,364.6750663,473480.95,-1253.71,-15183.64,,,,3.0,441.4339905,442.2044241,1324.3,-166.58,-2.31,,,
2022-01-27 01:18:04.807819,1643217484.807819,3868851.42,0.00,7559178.34,-117960.82,-11166.73,3690326.92,7111658.53,7152342.15,47411056.90,0.49,7559178.34,1339.0,353.35998535,364.6750663,473149.02,-1266.07,-15150.89,,,,2.0,441.4660034,442.2044241,882.93,-168.33,-1.48,,,
2022-01-27 01:20:22.630690,1643217622.63069,3868851.42,0.00,7557526.54,-119612.63,-11166.73,3688675.12,7110006.73,7150690.35,47400044.85,0.49,7557526.54,1339.0,353.2017517,364.6750663,472937.15,-1266.07,-15362.77,,,,2.0,441.31399535,442.2044241,882.63,-168.33,-1.78,,,
2022-01-27 01:20:30.093292,1643217630.093292,3862651.08,0.00,7556493.19,-120645.98,-11166.73,3693842.11,7108281.41,7149027.93,47388542.71,0.49,7556493.19,1340.0,353.1040039,364.66718195,473159.37,-1266.07,-15494.66,,,,3.0,441.3739929,442.24961605,1324.12,-168.33,-2.63,,,
2022-01-27 01:20:47.418455,1643217647.418455,3868819.62,0.00,7556183.81,-120842.08,-11280.01,3687364.18,7108664.00,7149347.62,47391093.33,0.49,7556183.81,1339.0,353.07598875,364.66718195,472768.75,-1278.67,-15520.61,,,,2.0,441.3160095,442.24961605,882.63,-170.27,-1.87,,,
2022-01-27 01:23:05.029955,1643217785.029955,3868819.62,0.00,7557123.31,-119902.57,-11280.01,3688303.69,7109603.51,7150287.12,47397356.70,0.49,7557123.31,1339.0,353.1660156,364.66718195,472889.29,-1278.67,-15400.06,,,,2.0,441.3840027,442.24961605,882.77,-170.27,-1.73,,,
2022-01-27 01:23:12.506554,1643217792.506554,3862620.22,0.00,7556166.62,-120859.27,-11280.01,3693546.40,7107954.84,7148701.36,47386365.59,0.49,7556166.62,1340.0,353.07598875,364.65931835,473121.82,-1278.67,-15521.66,,,,3.0,441.22598265,442.23307735,1323.68,-170.27,-3.02,,,
2022-01-27 01:23:30.088845,1643217810.088845,3868786.89,0.00,7555398.12,-121512.81,-11394.97,3686611.22,7107878.31,7148561.92,47385855.37,0.49,7555398.12,1339.0,353.0039978,364.65931835,472672.35,-1291.37,-15606.47,,,,2.0,441.1539612,442.23307735,882.31,-172.35,-2.16,,,
2022-01-27 01:25:47.804505,1643217947.804505,3868786.89,0.00,7555606.98,-121303.95,-11394.97,3686820.09,7108087.17,7148770.79,47387247.81,0.49,7555606.98,1339.0,353.0239868,364.65931835,472699.12,-1291.37,-15579.71,,,,2.0,441.18600465,442.23307735,882.37,-172.35,-2.09,,,
2022-01-27 01:25:55.227242,1643217955.227242,3862591.30,0.00,7553878.65,-123032.28,-11394.97,3691287.35,7105666.87,7146413.40,47371112.48,0.49,7553878.65,1340.0,352.85998535,364.65124425,472832.38,-1291.37,-15800.29,,,,3.0,440.9805908,442.1553849,1322.94,-172.35,-3.52,,,
2022-01-27 01:26:12.868448,1643217972.868448,3868756.58,0.00,7554761.54,-122033.70,-11510.67,3686004.96,7107241.73,7147925.35,47381611.52,0.49,7554761.54,1339.0,352.9460144,364.65124425,472594.71,-1304.09,-15673.3,,,,2.0,441.03601075,442.1553849,882.07,-174.49,-2.24,,,
2022-01-27 01:28:30.812144,1643218110.812144,3868756.58,0.00,7555437.64,-121357.60,-11510.67,3686681.06,7107917.83,7148601.45,47386118.84,0.49,7555437.64,1339.0,353.0107422,364.65124425,472681.38,-1304.09,-15586.63,,,,2.0,441.1239929,442.1553849,882.25,-174.49,-2.06,,,
2022-01-27 01:28:38.290019,1643218118.290019,3862556.78,0.00,7556500.33,-120294.91,-11510.67,3693943.55,7108288.55,7149035.07,47388590.32,0.49,7556500.33,1340.0,353.11398315,364.6433702,473172.74,-1304.09,-15449.38,,,,3.0,441.26000975,442.19692325,1323.78,-174.49,-2.81,,,
2022-01-27 01:28:55.798664,1643218135.798664,3868726.18,0.00,7557070.39,-119613.02,-11622.49,3688344.21,7109550.58,7150234.20,47397003.89,0.49,7557070.39,1339.0,353.17001345,364.6433702,472894.65,-1316.58,-15362.82,,,,2.0,441.30999755,442.1969233,882.62,-176.35,-1.77,,,
2022-01-27 01:31:13.388919,1643218273.388919,3868726.18,0.00,7557550.82,-119132.59,-11622.49,3688824.64,7110031.01,7150714.63,47400206.77,0.49,7557550.82,1339.0,353.2160034,364.6433702,472956.23,-1316.58,-15301.24,,,,2.0,441.3760071,442.1969233,882.75,-176.35,-1.64,,,
2022-01-27 01:31:20.838572,1643218280.838572,3862522.96,0.00,7558986.18,-117697.23,-11622.49,3696463.22,7110774.40,7151520.92,47405162.65,0.49,7558986.18,1340.0,353.35510255,364.6357035,473495.84,-1316.58,-15116.01,,,,3.0,441.4460144,442.2812822,1324.34,-176.35,-2.51,,,
2022-01-27 01:31:38.383148,1643218298.383148,3868693.92,0.00,7558228.01,-118344.53,-11733.36,3689534.09,7110708.20,7151391.82,47404721.35,0.49,7558228.01,1339.0,353.2839966,364.6357035,473047.27,-1328.95,-15199.94,,,,2.0,441.42001345,442.2812822,882.84,-178.23,-1.72,,,
2022-01-27 01:33:56.071923,1643218436.071923,3868693.92,0.00,7557455.33,-119117.21,-11733.36,3688761.41,7109935.52,7150619.14,47399570.14,0.49,7557455.33,1339.0,353.20999145,364.6357035,472948.18,-1328.95,-15299.03,,,,2.0,441.33999635,442.2812822,882.68,-178.23,-1.88,,,
2022-01-27 01:34:03.592273,1643218443.592273,3862494.28,0.00,7556875.50,-119697.04,-11733.36,3694381.23,7108663.72,7149410.25,47391091.47,0.49,7556875.50,1340.0,353.15600585,364.62785595,473229.05,-1328.95,-15372.28,,,,3.0,441.230011,442.26752145,1323.69,-178.23,-3.11,,,
2022-01-27 01:34:20.979875,1643218460.979875,3868663.91,0.00,7557070.70,-119389.82,-11845.38,3688406.79,7109550.89,7150234.51,47397005.93,0.49,7557070.70,1339.0,353.1760254,364.62785595,472902.7,-1341.37,-15334.0,,,,2.0,441.3039856,442.26752145,882.61,-180.2,-1.93,,,
2022-01-27 01:36:38.706473,1643218598.706473,3868663.91,0.00,7557424.80,-119035.72,-11845.38,3688760.88,7109904.99,7150588.61,47399366.58,0.49,7557424.80,1339.0,353.20999145,364.62785595,472948.18,-1341.37,-15288.52,,,,2.0,441.3039856,442.26752145,882.61,-180.2,-1.93,,,
2022-01-27 01:36:46.277162,1643218606.277162,3862458.20,0.00,7561436.71,-115023.81,-11845.38,3698978.51,7113224.93,7153971.45,47421499.53,0.49,7561436.71,1340.0,353.5960083,364.6203725,473818.65,-1341.37,-14772.65,,,,3.0,441.54000855,442.35834765,1324.62,-180.2,-2.46,,,
2022-01-27 01:37:03.800621,1643218623.800621,3868633.05,0.00,7561817.82,-114535.25,-11952.84,3693184.77,7114298.01,7154981.63,47428653.38,0.49,7561817.82,1339.0,353.6340027,364.6203725,473515.93,-1353.37,-14710.75,,,,2.0,441.55999755,442.35834765,883.12,-182.0,-1.6,,,
2022-01-27 01:39:21.304267,1643218761.304267,3868633.05,0.00,7561984.67,-114368.40,-11952.84,3693351.62,7114464.86,7155148.48,47429765.71,0.49,7561984.67,1339.0,353.6499939,364.6203725,473537.34,-1353.37,-14689.34,,,,2.0,441.5700073,442.35834765,883.14,-182.0,-1.58,,,
2022-01-27 01:39:28.776828,1643218768.776828,3862450.39,0.00,7564164.40,-112238.03,-11952.92,3701714.01,7115949.73,7156696.52,47439664.90,0.49,7564164.40,1340.0,353.85598755,364.61308115,474167.02,-1353.37,-14414.51,,,,3.0,441.5239563,442.41223175,1324.57,-182.0,-2.66,,,
2022-01-27 01:39:46.428995,1643218786.428995,3868624.50,0.00,7562976.50,-113317.33,-12061.52,3694352.00,7115453.81,7156137.69,47436358.75,0.49,7562976.50,1339.0,353.74398805,364.61308115,473663.2,-1365.28,-14553.72,,,,2.0,441.3659973,442.41223175,882.73,-184.04,-2.09,,,
2022-01-27 01:42:04.184366,1643218924.184366,3868624.50,0.00,7562518.21,-113775.62,-12061.52,3693893.71,7114995.53,7155679.41,47433303.51,0.49,7562518.21,1339.0,353.7000122,364.61308115,473604.32,-1365.28,-14612.6,,,,2.0,441.3739929,442.41223175,882.75,-184.04,-2.08,,,
2022-01-27 01:42:11.745987,1643218931.745987,3862414.23,0.00,7566150.20,-110143.64,-12061.52,3703735.97,7117935.53,7158682.32,47452903.55,0.49,7566150.20,1340.0,354.04940795,364.6059072,474426.21,-1365.28,-14145.71,,,,3.0,441.70401,442.51482115,1325.11,-184.04,-2.43,,,
2022-01-27 01:42:29.670736,1643218949.670736,3868595.27,0.00,7567437.02,-108754.40,-12163.93,3698841.75,7119914.33,7160598.21,47466095.55,0.49,7567437.02,1339.0,354.17401125,364.6059072,474239.0,-1376.74,-13968.31,,,,2.0,441.82333375,442.51482115,883.65,-185.74,-1.38,,,
2022-01-27 01:44:47.762350,1643219087.76235,3868595.27,0.00,7568396.31,-107795.11,-12163.93,3699801.04,7120873.62,7161557.50,47472490.81,0.49,7568396.31,1339.0,354.2659912,364.6059072,474362.16,-1376.74,-13845.15,,,,2.0,441.8539734,442.51482115,883.71,-185.74,-1.32,,,
2022-01-27 01:44:55.231455,1643219095.231455,3862377.45,0.00,7571824.20,-104367.22,-12163.93,3709446.75,7123609.54,7164356.33,47490730.27,0.49,7571824.20,1340.0,354.5960083,364.5991864,475158.65,-1376.74,-13404.26,,,,3.0,442.07598875,442.70654745,1326.23,-185.74,-1.89,,,
2022-01-27 01:45:13.013179,1643219113.013179,3868563.79,0.00,7571599.65,-104493.21,-12262.49,3703035.86,7124076.96,7164760.84,47493846.41,0.49,7571599.65,1339.0,354.57598875,364.5991864,474777.25,-1387.75,-13421.06,,,,2.0,442.0700073,442.70654745,884.14,-187.39,-1.27,,,
2022-01-27 01:47:30.851358,1643219250.851358,3868563.79,0.00,7570835.55,-105257.32,-12262.49,3702271.76,7123312.86,7163996.74,47488752.39,0.49,7570835.55,1339.0,354.5027771,364.5991864,474679.22,-1387.75,-13519.09,,,,2.0,442.01000975,442.70654745,884.02,-187.39,-1.39,,,
2022-01-27 01:47:38.335248,1643219258.335248,3862352.04,0.00,7566970.72,-109122.14,-12262.49,3704618.69,7118756.06,7159502.85,47458373.74,0.49,7566970.72,1340.0,354.1340027,364.59213475,474539.56,-1387.75,-14013.9,,,,3.0,441.7140198,442.72436495,1325.14,-187.39,-3.03,,,
2022-01-27 01:47:55.846916,1643219275.846916,3868533.47,0.00,7567812.59,-108176.73,-12366.03,3699279.12,7120289.90,7160973.78,47468599.33,0.49,7567812.59,1339.0,354.2160034,364.59213475,474295.23,-1399.12,-13893.64,,,,2.0,441.7999878,442.72436495,883.6,-189.32,-1.85,,,
2022-01-27 01:50:13.665188,1643219413.665188,3868533.47,0.00,7568626.57,-107362.74,-12366.03,3700093.10,7121103.89,7161787.77,47474025.90,0.49,7568626.57,1339.0,354.29400635,364.59213475,474399.67,-1399.12,-13789.19,,,,2.0,441.85601805,442.72436495,883.71,-189.32,-1.74,,,
2022-01-27 01:50:21.164732,1643219421.164732,3862259.35,0.00,7567570.19,-108295.95,-12365.84,3705310.84,7119362.72,7160108.85,47462418.10,0.49,7567570.19,1340.0,354.20599365,364.5851406,474636.03,-1399.12,-13908.06,,,,3.0,441.73999025,442.72957665,1325.22,-189.32,-2.97,,,
2022-01-27 01:50:38.576193,1643219438.576193,3868440.45,0.00,7567868.19,-107894.17,-12469.60,3699427.74,7120352.69,7161035.91,47469017.91,0.49,7567868.19,1339.0,354.23599245,364.5851406,474321.99,-1410.49,-13857.51,,,,2.0,441.776001,442.72957665,883.55,-191.28,-1.91,,,
2022-01-27 01:52:56.598586,1643219576.598586,3868440.45,0.00,7566615.93,-109146.43,-12469.60,3698175.48,7119100.43,7159783.66,47460669.52,0.49,7566615.93,1339.0,354.1159973,364.5851406,474161.32,-1410.49,-14018.18,,,,2.0,441.6839905,442.72957665,883.37,-191.28,-2.09,,,
2022-01-27 01:53:04.108955,1643219584.108955,3862229.42,0.00,7565975.46,-109786.90,-12469.60,3703746.04,7117767.99,7158514.13,47451786.62,0.49,7565975.46,1340.0,354.05599975,364.57804725,474435.04,-1410.49,-14099.54,,,,3.0,441.73599245,442.73638445,1325.21,-191.28,-3.0,,,
2022-01-27 01:53:21.222233,1643219601.222233,3868411.30,0.00,7567466.07,-108193.31,-12572.59,3699054.77,7119950.57,7160633.79,47466337.11,0.49,7567466.07,1339.0,354.2000122,364.57804725,474273.82,-1421.9,-13896.19,,,,2.0,441.91000365,442.73638445,883.82,-193.1,-1.65,,,
2022-01-27 01:55:39.165006,1643219739.165006,3868411.30,0.00,7567945.41,-107713.97,-12572.59,3699534.11,7120429.90,7161113.13,47469532.69,0.49,7567945.41,1339.0,354.2460022,364.57804725,474335.4,-1421.9,-13834.61,,,,2.0,441.90597535,442.73638445,883.81,-193.1,-1.66,,,
2022-01-27 01:55:46.587334,1643219746.587334,3862210.32,0.00,7567724.19,-107959.64,-12572.63,3705513.88,7119515.30,7160261.56,47463435.30,0.49,7567724.19,1340.0,354.223999,364.5710636,474660.16,-1421.9,-13865.07,,,,3.0,441.88601685,442.79092295,1325.66,-193.1,-2.71,,,
2022-01-27 01:56:03.912800,1643219763.9128,3868391.98,0.00,7567395.46,-108184.78,-12676.21,3699003.48,7119878.53,7160561.89,47465856.87,0.49,7567395.46,1339.0,354.19400025,364.5710636,474265.77,-1433.29,-13894.89,,,,2.0,441.8840027,442.79092295,883.77,-195.01,-1.81,,,
2022-01-27 01:58:21.609633,1643219901.609633,3868391.98,0.00,7567458.13,-108122.11,-12676.21,3699066.15,7119941.20,7160624.56,47466274.66,0.49,7567458.13,1339.0,354.2000122,364.5710636,474273.82,-1433.29,-13886.84,,,,2.0,441.8840027,442.79092295,883.77,-195.01,-1.81,,,
2022-01-27 01:58:28.994440,1643219908.99444,3862176.26,0.00,7569695.74,-105884.50,-12676.21,3707519.48,7121486.84,7162233.11,47476578.95,0.49,7569695.74,1340.0,354.4160156,364.56424195,474917.46,-1433.29,-13598.62,,,,3.0,441.99398805,442.8606153,1325.98,-195.01,-2.6,,,
2022-01-27 01:58:46.292497,1643219926.292497,3868360.96,0.00,7570243.44,-105235.76,-12777.26,3701882.48,7122726.51,7163409.87,47484843.42,0.49,7570243.44,1339.0,354.4700012,364.56424195,474635.33,-1444.41,-13516.19,,,,2.0,442.01000975,442.8606153,884.02,-196.87,-1.7,,,
2022-01-27 10:55:38.661326,1643252138.661326,3870547.47,0.00,7477591.20,-202226.39,-12784.48,3607043.74,7029821.32,7070527.68,46865475.49,0.48,7477591.20,1339.0,345.19000245,364.56424195,462209.41,-1444.41,-25942.11,,,,2.0,432.91870115,442.8606153,865.84,-196.87,-19.88,,,
2022-01-27 11:00:58.691658,1643252458.691658,3870944.82,0.00,7478358.86,-202247.15,-12785.79,3607414.04,7030543.01,7071253.54,46870286.72,0.48,7478358.86,1339.0,345.19000245,364.56424195,462209.41,-1444.41,-25942.11,,,,2.0,432.91870115,442.8606153,865.84,-196.87,-19.88,,,
2022-01-27 11:05:59.470902,1643252759.470902,3871417.05,0.00,7479271.16,-202271.82,-12787.35,3607854.11,7031400.68,7072116.18,46876004.55,0.48,7479271.16,1339.0,345.19000245,364.56424195,462209.41,-1444.41,-25942.11,,,,2.0,432.91870115,442.8606153,865.84,-196.87,-19.88,,,
2022-01-27 11:10:27.130882,1643253027.130882,3870795.78,0.00,7478070.93,-202239.36,-12785.30,3607275.15,7030272.32,7070981.29,46868482.15,0.48,7478070.93,1339.0,345.19000245,364.56424195,462209.41,-1444.41,-25942.11,,,,2.0,432.91870115,442.8606153,865.84,-196.87,-19.88,,,
2022-01-27 11:12:47.591276,1643253167.591276,3870795.78,0.00,7478070.93,-202239.36,-12785.30,3607275.15,7030272.32,7070981.29,46868482.15,0.48,7478070.93,1339.0,345.19000245,364.56424195,462209.41,-1444.41,-25942.11,,,,2.0,432.91870115,442.8606153,865.84,-196.87,-19.88,,,
